,rental_id,car_id,instant_booking,checkin_type,state,delay_at_checkout_in_minutes,previous_ended_rental_id,delay_with_previous_rental_in_minutes,time_between_checkout_previous_and_checkin_next
0,563782,370585,no,connect,ended,136.0,,,570.0
2,545639,312389,no,mobile,ended,140.0,,,420.0
4,537298,392479,no,mobile,ended,0.0,,,0.0
6,510607,349751,no,mobile,ended,-113.0,,,60.0
8,557404,181625,yes,connect,ended,-352.0,554077.0,120.0,330.0
10,556563,320824,no,connect,ended,23.0,,,630.0
12,531158,404169,no,mobile,ended,29.0,,,90.0
14,535512,397814,no,mobile,ended,44.0,,,300.0
16,524703,352436,no,mobile,ended,7.0,538643.0,60.0,60.0
18,539005,397470,no,mobile,ended,-29.0,,,0.0
20,543426,398802,no,mobile,ended,51.0,546955.0,720.0,720.0
22,539751,374684,no,mobile,ended,3.0,537514.0,660.0,0.0
24,540607,382364,no,mobile,ended,1.0,,,0.0
26,539897,307595,no,mobile,ended,0.0,,,30.0
28,540444,409676,no,mobile,ended,131.0,,,180.0
30,552619,358772,no,connect,ended,-38.0,,,240.0
32,540663,225795,no,connect,ended,60.0,,,540.0
34,543010,374169,no,connect,ended,42.0,536789.0,120.0,210.0
36,536315,369230,no,mobile,ended,-191.0,536343.0,720.0,60.0
38,546578,352528,no,connect,ended,-536.0,,,630.0
40,548486,383309,no,mobile,ended,-3.0,,,660.0
42,535868,231676,no,mobile,ended,16.0,,,30.0
44,553683,411521,no,mobile,ended,42.0,,,60.0
46,545782,382901,no,mobile,ended,-9.0,,,60.0
48,545855,380886,no,mobile,ended,74.0,,,120.0
50,549192,359880,no,connect,ended,45.0,,,180.0
52,554800,384657,yes,connect,ended,-672.0,,,0.0
54,547312,376619,no,mobile,ended,-77.0,,,0.0
56,550476,385625,no,connect,ended,-236.0,,,30.0
58,519328,385783,no,mobile,ended,-4.0,,,150.0
60,560722,402993,no,mobile,ended,-33.0,,,720.0
62,550183,375915,no,mobile,ended,-1333.0,,,480.0
64,566170,245154,yes,connect,ended,-2.0,,,180.0
66,549813,375126,no,connect,ended,-58.0,,,600.0
68,555341,297962,no,connect,ended,-24.0,,,30.0
70,520878,289720,no,connect,ended,-42.0,540741.0,120.0,90.0
72,553797,281955,no,mobile,ended,-9.0,,,60.0
74,540868,408776,no,mobile,ended,26.0,,,0.0
76,558711,249274,no,connect,ended,10.0,542660.0,180.0,30.0
78,545475,310444,yes,connect,ended,54.0,,,360.0
80,541144,192179,no,connect,ended,46.0,,,540.0
82,567278,241021,no,connect,ended,-425.0,563925.0,240.0,60.0
84,554558,381123,no,mobile,ended,-13.0,,,660.0
86,564484,195888,no,mobile,ended,-347.0,,,180.0
88,555024,382884,no,mobile,ended,63.0,545294.0,660.0,420.0
90,552005,341431,no,mobile,ended,-88.0,,,150.0
92,536236,392147,no,mobile,ended,3.0,,,390.0
94,545830,380866,no,mobile,ended,58.0,,,120.0
96,565896,354515,no,mobile,ended,-405.0,,,360.0
98,569297,390467,yes,connect,ended,-451.0,566704.0,150.0,570.0
100,567178,415953,no,mobile,ended,145.0,,,150.0
102,563925,241021,no,connect,ended,-31.0,563827.0,30.0,240.0
104,564959,376840,yes,connect,ended,-2.0,,,0.0
106,566412,317378,yes,connect,ended,-129.0,,,210.0
108,565775,314605,no,mobile,ended,8.0,,,360.0
110,562527,402528,yes,connect,ended,-203.0,,,630.0
112,570337,365926,yes,connect,ended,-37.0,543942.0,570.0,60.0
114,573393,353425,yes,connect,ended,-551.0,,,120.0
116,545076,377700,no,mobile,ended,-35.0,,,720.0
118,523328,390927,no,connect,ended,-133.0,,,510.0
120,541898,358978,yes,connect,ended,-45.0,542766.0,540.0,210.0
122,506728,382700,no,mobile,ended,-67.0,,,0.0
124,529252,399528,no,connect,ended,-104.0,,,480.0
126,569554,227100,no,mobile,ended,-15.0,,,120.0
128,572909,301512,no,mobile,ended,13.0,,,0.0
130,571864,371387,no,mobile,ended,-232.0,,,720.0
132,514932,401475,no,connect,ended,36.0,,,540.0
134,536325,344091,no,mobile,ended,-23.0,,,180.0
136,533413,353425,yes,connect,ended,4.0,,,0.0
138,541519,408821,no,mobile,ended,95.0,,,90.0
140,513582,388767,no,mobile,ended,28.0,,,180.0
142,539733,384479,no,mobile,ended,73.0,526536.0,660.0,600.0
144,532312,313048,no,mobile,ended,-115.0,,,0.0
146,547208,175289,no,connect,ended,5.0,,,570.0
148,536220,321582,no,mobile,ended,-10.0,,,270.0
150,546057,383110,no,connect,ended,-86.0,,,150.0
152,551094,320824,no,connect,ended,-43.0,,,540.0
154,536761,265664,yes,connect,ended,-3.0,,,240.0
156,556215,334190,yes,connect,ended,77.0,,,630.0
158,538807,297119,no,mobile,ended,7.0,,,30.0
160,539404,360474,no,connect,ended,-16.0,,,180.0
162,547311,374809,no,connect,ended,7.0,539330.0,90.0,240.0
164,536685,325695,no,mobile,ended,-79.0,,,600.0
166,543878,385642,no,mobile,ended,187.0,,,630.0
168,541053,377924,no,mobile,ended,-126.0,,,120.0
170,541971,410393,no,mobile,ended,137.0,,,180.0
172,545322,356106,yes,connect,ended,-55.0,,,270.0
174,538192,366071,no,mobile,ended,-64.0,,,720.0
176,536978,378931,no,mobile,ended,271.0,,,60.0
178,540590,333407,no,mobile,ended,-57.0,,,90.0
180,537416,216148,no,connect,ended,-12.0,,,0.0
182,540368,392813,no,mobile,ended,102.0,,,120.0
184,536789,374169,no,connect,ended,-188.0,,,120.0
186,514474,376574,no,mobile,ended,81.0,,,0.0
188,541766,404130,no,connect,ended,-581.0,,,0.0
190,511338,362101,no,mobile,ended,-63.0,,,30.0
192,541317,406999,no,mobile,ended,-48.0,,,150.0
194,545831,214635,no,connect,ended,11.0,,,90.0
196,544363,409750,no,mobile,ended,-81.0,539021.0,120.0,660.0
198,533006,314455,no,mobile,ended,0.0,,,180.0
200,528385,383110,no,connect,ended,-11.0,,,480.0
202,546332,214635,no,connect,ended,31.0,547177.0,0.0,60.0
204,542526,294883,no,mobile,ended,0.0,,,0.0
206,540131,402677,no,mobile,ended,25.0,,,60.0
208,544389,385629,no,connect,ended,23.0,517515.0,0.0,480.0
210,528516,229646,no,mobile,ended,13.0,,,60.0
212,535665,400945,no,mobile,ended,-51.0,,,60.0
214,542904,212965,no,connect,ended,-21.0,,,240.0
216,537074,380813,no,mobile,ended,-1.0,,,0.0
218,549312,344254,yes,connect,ended,-264.0,,,690.0
220,539624,392479,no,mobile,ended,0.0,,,510.0
222,542725,390509,yes,connect,ended,-52.0,,,720.0
224,545465,310518,no,mobile,ended,-51.0,,,330.0
226,539387,377781,no,mobile,ended,22.0,,,660.0
228,561375,271621,no,mobile,ended,25.0,,,120.0
230,537148,407334,no,mobile,ended,37.0,537350.0,720.0,60.0
232,539569,383329,no,mobile,ended,-4.0,,,120.0
234,537187,308579,no,mobile,ended,109.0,,,120.0
236,536764,387431,no,mobile,ended,58.0,,,180.0
238,532790,379984,no,mobile,ended,-9.0,,,0.0
240,537192,337217,no,mobile,ended,-253.0,,,270.0
242,536548,403430,no,mobile,ended,0.0,,,0.0
244,548646,282893,no,mobile,ended,201.0,,,30.0
246,542031,402235,no,mobile,ended,-32.0,,,120.0
248,556249,402528,yes,connect,ended,-24.0,,,330.0
250,523594,277669,no,mobile,ended,-56.0,,,480.0
252,537437,307983,no,connect,ended,-168.0,,,570.0
254,513104,396552,no,mobile,ended,23.0,535313.0,720.0,90.0
256,548169,375834,no,mobile,ended,5.0,,,0.0
258,547160,409344,no,mobile,ended,1.0,,,300.0
260,550060,396250,no,mobile,ended,123.0,,,120.0
262,545710,367632,yes,connect,ended,-7.0,,,0.0
264,550757,345080,no,connect,ended,-55.0,549248.0,720.0,720.0
266,548361,298757,no,connect,ended,-36.0,,,630.0
268,562977,405611,no,connect,ended,210.0,558473.0,120.0,630.0
270,542509,333910,no,mobile,ended,30.0,,,120.0
272,549771,358082,no,connect,ended,-97.0,,,90.0
274,536453,310576,no,connect,ended,-36.0,,,0.0
276,538736,409589,no,mobile,ended,52.0,,,150.0
278,546352,387939,no,mobile,ended,91.0,,,300.0
280,549479,355788,no,mobile,ended,60.0,,,720.0
282,548736,311265,no,mobile,ended,-66.0,,,120.0
284,547247,372779,no,mobile,ended,2.0,,,240.0
286,554043,334190,no,connect,ended,15.0,,,630.0
288,550671,404424,no,mobile,ended,105.0,,,0.0
290,531952,338940,no,mobile,ended,320.0,542671.0,0.0,450.0
292,557743,389958,no,mobile,ended,45.0,,,720.0
294,547672,383110,no,connect,ended,7.0,,,150.0
296,547550,374684,no,mobile,ended,-63.0,,,600.0
298,547650,297851,no,mobile,ended,410.0,,,240.0
300,536133,402832,no,mobile,ended,0.0,,,0.0
302,549387,338940,no,mobile,ended,0.0,548303.0,60.0,480.0
304,551936,404192,no,mobile,ended,925.0,,,150.0
306,513740,338940,no,mobile,ended,83.0,565837.0,0.0,30.0
308,565036,389521,no,mobile,ended,0.0,,,390.0
310,558730,402528,yes,connect,ended,6.0,,,0.0
312,564541,402209,no,mobile,ended,102.0,,,390.0
314,554934,402562,no,connect,ended,12.0,,,0.0
316,554944,382734,no,mobile,ended,37.0,,,720.0
318,541340,341105,no,mobile,ended,-79.0,,,600.0
320,549535,401281,no,connect,ended,-68.0,530729.0,690.0,420.0
322,553008,339607,no,mobile,ended,64.0,,,720.0
324,558583,326578,no,mobile,ended,3.0,,,0.0
326,555600,391519,no,connect,ended,-95.0,,,180.0
328,556215,334190,yes,connect,ended,77.0,,,630.0
330,554348,383110,no,connect,ended,-20.0,,,150.0
332,552392,349171,no,connect,ended,46.0,,,0.0
334,561282,405938,no,mobile,ended,-40.0,,,60.0
336,558258,357530,no,connect,ended,2.0,557097.0,690.0,0.0
338,539450,380708,no,connect,ended,194.0,,,210.0
340,550614,392368,yes,connect,ended,27.0,,,60.0
342,531229,393185,no,mobile,ended,-71.0,,,0.0
344,541223,295415,no,mobile,ended,158.0,,,390.0
346,533619,403962,no,mobile,ended,0.0,,,120.0
348,537194,397046,no,mobile,ended,189.0,,,210.0
350,543577,356106,no,connect,ended,-13.0,541079.0,120.0,0.0
352,554117,320824,no,connect,ended,-1084.0,,,450.0
354,541286,309723,no,mobile,ended,31.0,,,30.0
356,540701,380647,no,connect,ended,-110.0,,,630.0
358,521852,359045,no,connect,ended,650.0,,,150.0
360,540896,330013,no,mobile,ended,-173.0,,,540.0
362,539021,409750,no,mobile,ended,-100.0,,,120.0
364,530202,361564,no,mobile,ended,21.0,,,120.0
366,549819,396009,no,connect,ended,-425.0,,,60.0
368,546578,352528,no,connect,ended,-536.0,,,630.0
370,546832,230201,yes,connect,ended,-8.0,,,0.0
372,541445,385629,no,connect,ended,-221.0,544389.0,480.0,0.0
374,543655,398802,no,mobile,ended,73.0,,,360.0
376,547555,381754,no,mobile,ended,44.0,,,270.0
378,556396,319886,yes,connect,ended,-22.0,553022.0,30.0,0.0
380,539365,377509,no,mobile,ended,28.0,,,60.0
382,525106,385721,no,connect,ended,-439.0,,,570.0
384,549518,375553,no,mobile,ended,-86.0,,,720.0
386,554038,403558,no,mobile,ended,45.0,,,0.0
388,553306,386786,no,mobile,ended,18.0,,,360.0
390,546644,380019,no,mobile,ended,84.0,,,420.0
392,565976,290109,no,mobile,ended,-166.0,,,600.0
394,566173,405923,no,mobile,ended,-933.0,,,120.0
396,556330,338940,no,mobile,ended,-68.0,,,180.0
398,553639,408680,no,mobile,ended,37.0,,,0.0
400,534999,340014,no,connect,ended,346.0,,,180.0
402,539220,356407,no,mobile,ended,1.0,,,30.0
404,535816,355817,no,mobile,ended,209.0,,,0.0
406,526536,384479,no,mobile,ended,-17.0,538761.0,690.0,660.0
408,516961,385721,no,connect,ended,-32.0,542219.0,0.0,0.0
410,562771,285241,no,connect,ended,35.0,,,540.0
412,539414,334190,yes,connect,ended,-286.0,,,60.0
414,537861,406995,no,mobile,ended,38.0,,,540.0
416,565483,319886,yes,connect,ended,-115.0,,,510.0
418,547240,261576,no,mobile,ended,550.0,,,210.0
420,551363,403265,no,mobile,ended,0.0,549825.0,690.0,0.0
422,553299,412021,no,mobile,ended,13.0,552971.0,600.0,360.0
424,555469,364783,no,mobile,ended,616.0,,,660.0
426,526657,399528,no,connect,ended,-181.0,,,600.0
428,541215,374486,no,mobile,ended,47.0,539938.0,180.0,510.0
430,548852,395598,no,mobile,ended,-101.0,,,210.0
432,537243,365926,yes,connect,ended,242.0,,,360.0
434,545223,310553,no,connect,ended,-45.0,543354.0,720.0,360.0
436,565777,195977,yes,connect,ended,-2.0,,,30.0
438,557945,379931,no,mobile,ended,-67.0,,,30.0
440,555340,385073,no,mobile,ended,-6.0,,,120.0
442,559522,307439,no,mobile,ended,63.0,,,90.0
444,563977,346519,no,mobile,ended,23.0,,,360.0
446,561286,358103,no,mobile,ended,10.0,,,0.0
448,566493,375834,no,mobile,ended,-32.0,,,60.0
450,532695,320824,yes,connect,ended,0.0,,,120.0
452,525150,393908,no,mobile,ended,49.0,,,300.0
454,549567,364907,no,connect,ended,6.0,,,30.0
456,524948,404688,no,mobile,ended,8.0,,,270.0
458,566561,342699,no,connect,ended,-13.0,564845.0,0.0,570.0
460,546382,389104,no,mobile,ended,-35.0,,,30.0
462,564788,409863,no,mobile,ended,-126.0,,,30.0
464,535618,368132,no,mobile,ended,-40.0,,,720.0
466,515851,389219,no,mobile,ended,-5.0,,,120.0
468,540741,289720,no,connect,ended,4.0,,,120.0
470,558030,316678,no,connect,ended,-158.0,549892.0,240.0,60.0
472,572331,397728,no,mobile,ended,49.0,,,270.0
474,518353,354493,no,mobile,ended,17.0,,,210.0
476,542671,338940,no,mobile,ended,6.0,,,0.0
478,519407,228703,no,connect,ended,-1061.0,,,330.0
480,539109,313432,no,mobile,ended,58.0,532031.0,60.0,60.0
482,538830,265239,no,connect,ended,34.0,,,120.0
484,549011,328866,no,mobile,ended,-47.0,,,0.0
486,538529,350149,no,mobile,ended,86.0,,,60.0
488,546489,352528,no,connect,ended,-533.0,546578.0,570.0,270.0
490,540105,394380,no,mobile,ended,8.0,,,720.0
492,562173,394024,no,mobile,ended,73.0,,,0.0
494,553682,401475,yes,connect,ended,37.0,552583.0,420.0,450.0
496,533380,314456,no,connect,ended,-167.0,,,690.0
498,535914,265239,no,connect,ended,44.0,538830.0,120.0,360.0
500,540735,314897,no,mobile,ended,-14.0,,,720.0
502,539424,347660,no,connect,ended,-117.0,,,420.0
504,512773,294189,no,mobile,ended,136.0,,,360.0
506,543823,401470,no,mobile,ended,612.0,,,570.0
508,545032,363918,no,mobile,ended,-549.0,,,60.0
510,563834,382444,no,mobile,ended,-2.0,,,240.0
512,537219,346305,no,mobile,ended,-185.0,,,180.0
514,565263,339138,yes,connect,ended,-119.0,563988.0,0.0,0.0
516,558162,302561,no,connect,ended,-105.0,,,60.0
518,547147,380407,no,mobile,ended,-240.0,,,0.0
520,547522,366199,no,connect,ended,-1172.0,,,120.0
522,559063,331900,no,mobile,ended,63.0,,,30.0
524,559510,384567,no,connect,ended,-35.0,,,90.0
526,508535,351024,no,mobile,ended,102.0,,,90.0
528,564275,413333,no,mobile,ended,-235.0,,,600.0
530,563562,393982,no,mobile,ended,21.0,,,630.0
532,558223,348551,no,mobile,ended,251.0,,,330.0
534,545720,367919,yes,connect,ended,8.0,,,0.0
536,563995,364783,no,mobile,ended,0.0,,,0.0
538,573294,365926,yes,connect,ended,9.0,,,510.0
540,571139,347208,yes,connect,ended,-90.0,,,180.0
542,571634,404128,yes,connect,ended,12.0,,,180.0
544,547901,396755,no,mobile,ended,1.0,,,90.0
546,549345,369881,no,connect,ended,22.0,,,30.0
548,517435,288953,no,mobile,ended,-113.0,,,30.0
550,555541,371933,no,mobile,ended,19.0,,,180.0
552,538761,384479,no,mobile,ended,98.0,,,690.0
554,539720,381029,no,mobile,ended,-534.0,,,90.0
556,561928,402083,no,connect,ended,154.0,,,360.0
558,541486,300505,yes,connect,ended,12.0,,,0.0
560,546459,297511,no,mobile,ended,12968.0,,,420.0
562,558387,399575,no,connect,ended,81.0,552753.0,0.0,630.0
564,545839,394380,no,mobile,ended,28.0,,,660.0
566,549855,405622,no,mobile,ended,24.0,,,450.0
568,547495,403153,no,mobile,ended,393.0,,,630.0
570,547476,288953,no,mobile,ended,2.0,,,150.0
572,550317,374298,no,connect,ended,11.0,,,90.0
574,562736,192643,no,mobile,ended,0.0,,,270.0
576,536892,366164,no,connect,ended,17.0,,,360.0
578,566229,264457,no,mobile,ended,242.0,,,240.0
580,560542,413181,no,mobile,ended,4.0,,,150.0
582,563781,356106,yes,connect,ended,90.0,,,0.0
584,567186,394928,no,connect,ended,2.0,,,540.0
586,568399,241021,no,connect,ended,-57.0,563552.0,60.0,0.0
588,559685,386259,no,connect,ended,-217.0,,,180.0
590,561253,223850,no,mobile,ended,83.0,,,210.0
592,564144,351546,no,connect,ended,210.0,,,120.0
594,567789,224728,no,mobile,ended,-130.0,,,30.0
596,567264,410255,no,connect,ended,183.0,564975.0,0.0,30.0
598,560404,368432,no,mobile,ended,-66.0,,,90.0
600,555169,364907,no,mobile,ended,0.0,,,60.0
602,566704,390467,yes,connect,ended,0.0,,,150.0
604,565569,310444,yes,connect,ended,-110.0,561408.0,570.0,450.0
606,562077,363377,no,mobile,ended,100.0,,,180.0
608,550409,259952,no,mobile,ended,26.0,,,0.0
610,543476,385774,no,mobile,ended,63.0,,,60.0
612,542805,216148,no,connect,ended,77.0,,,690.0
614,522490,403239,no,mobile,ended,0.0,,,60.0
616,540525,397333,no,mobile,ended,-11.0,,,0.0
618,533472,406994,no,mobile,ended,108.0,,,330.0
620,537243,365926,yes,connect,ended,242.0,,,360.0
622,538270,394555,no,connect,ended,-43.0,,,690.0
624,552933,377670,yes,connect,ended,-145.0,,,150.0
626,531476,287544,no,mobile,ended,-5.0,,,120.0
628,569301,195977,yes,connect,ended,62.0,561125.0,660.0,180.0
630,554170,402209,no,mobile,ended,-125.0,564541.0,390.0,690.0
632,572236,390467,yes,connect,ended,-88.0,,,60.0
634,539219,340112,no,mobile,ended,0.0,,,300.0
636,537023,338935,no,mobile,ended,78.0,,,60.0
638,541533,344254,yes,connect,ended,-150.0,,,60.0
640,512562,321069,no,mobile,ended,104.0,,,360.0
642,524146,216701,no,mobile,ended,155.0,,,90.0
644,541969,194340,yes,connect,ended,43.0,,,30.0
646,527270,389785,no,connect,ended,3.0,,,540.0
648,543513,404130,no,connect,ended,-82.0,541766.0,0.0,30.0
650,542107,363658,no,mobile,ended,-16.0,,,180.0
652,563869,311923,yes,connect,ended,-43.0,,,510.0
654,544861,373233,no,mobile,ended,17.0,,,60.0
656,564793,394656,no,connect,ended,54.0,,,240.0
658,560505,409539,no,mobile,ended,6.0,,,600.0
660,557072,341648,no,mobile,ended,13.0,,,330.0
662,564585,408883,no,mobile,ended,17.0,,,0.0
664,565171,410939,yes,connect,ended,-15.0,567442.0,240.0,0.0
666,530261,280805,no,connect,ended,28.0,,,60.0
668,535020,351319,no,mobile,ended,28.0,,,0.0
670,538207,312078,yes,connect,ended,-128.0,,,0.0
672,539236,387753,no,connect,ended,-261.0,,,510.0
674,534025,391338,no,mobile,ended,-2.0,,,60.0
676,537406,345865,no,connect,ended,-18.0,,,90.0
678,508109,328900,no,connect,ended,-151.0,,,0.0
680,541395,381914,no,mobile,ended,61.0,,,300.0
682,542150,215979,no,mobile,ended,12.0,,,210.0
684,538768,392241,no,connect,ended,271.0,,,120.0
686,541239,355444,yes,connect,ended,33.0,,,150.0
688,547804,392479,no,mobile,ended,-958.0,,,120.0
690,553290,392368,yes,connect,ended,-23.0,,,720.0
692,532724,407411,no,mobile,ended,16.0,,,570.0
694,543394,305525,no,connect,ended,-12.0,537439.0,720.0,570.0
696,540360,404476,no,mobile,ended,0.0,,,210.0
698,546199,407632,no,mobile,ended,-66.0,,,720.0
700,569802,346755,no,connect,ended,92.0,,,270.0
702,551866,316449,no,mobile,ended,153.0,,,0.0
704,545629,411325,no,mobile,ended,81.0,,,0.0
706,539330,374809,no,connect,ended,20.0,,,90.0
708,541126,382444,no,mobile,ended,72.0,,,240.0
710,530729,401281,no,connect,ended,-4.0,,,690.0
712,549044,375128,no,connect,ended,41.0,,,240.0
714,542811,373889,no,mobile,ended,-32.0,,,120.0
716,508605,357007,no,mobile,ended,-43.0,,,30.0
718,545467,383949,no,mobile,ended,50.0,,,90.0
720,529556,341840,no,mobile,ended,-580.0,,,150.0
722,540186,409908,no,mobile,ended,0.0,,,30.0
724,538703,364890,no,mobile,ended,0.0,,,210.0
726,544799,394928,no,connect,ended,-59.0,531562.0,210.0,600.0
728,538874,377071,no,mobile,ended,2.0,,,30.0
730,538218,263232,no,mobile,ended,273.0,,,300.0
732,532043,374290,no,mobile,ended,101.0,,,180.0
734,544957,398326,no,mobile,ended,13.0,,,270.0
736,517688,366371,no,connect,ended,-245.0,539108.0,0.0,720.0
738,549516,408509,no,mobile,ended,-96.0,,,120.0
740,532798,404571,no,mobile,ended,45.0,,,90.0
742,552053,358225,no,mobile,ended,11.0,,,0.0
744,555186,385178,no,connect,ended,-301.0,,,330.0
746,558129,344254,yes,connect,ended,-185.0,558115.0,690.0,60.0
748,538397,392479,no,mobile,ended,-301.0,,,570.0
750,548306,393968,no,connect,ended,27.0,,,600.0
752,545822,307364,no,connect,ended,26.0,,,30.0
754,569185,313952,no,mobile,ended,-85.0,,,570.0
756,549555,338243,no,connect,ended,-154.0,,,600.0
758,542260,379908,no,mobile,ended,45.0,,,720.0
760,545963,305525,yes,connect,ended,-33.0,549063.0,150.0,720.0
762,545268,399528,yes,connect,ended,23.0,,,540.0
764,538747,385295,no,mobile,ended,-9.0,,,600.0
766,548279,317330,yes,connect,ended,-692.0,,,0.0
768,544074,217819,no,mobile,ended,-46.0,,,270.0
770,523527,356630,no,mobile,ended,-66.0,,,720.0
772,520615,265239,no,connect,ended,-22.0,,,0.0
774,545126,406551,no,connect,ended,-46.0,,,60.0
776,553206,404130,no,connect,ended,18.0,,,480.0
778,553278,369845,no,mobile,ended,-32.0,,,630.0
780,546468,394543,no,mobile,ended,-40.0,,,60.0
782,539640,368432,no,mobile,ended,-12.0,535981.0,0.0,600.0
784,538423,352799,no,mobile,ended,-1.0,,,720.0
786,567818,368432,no,mobile,ended,-986.0,568439.0,630.0,570.0
788,562244,391519,no,connect,ended,0.0,,,540.0
790,553933,340616,no,connect,ended,-341.0,,,30.0
792,512682,159533,no,connect,ended,-125.0,,,330.0
794,551523,310049,no,mobile,ended,-20.0,,,120.0
796,550088,377004,no,mobile,ended,142.0,,,30.0
798,550984,407865,no,mobile,ended,-10.0,,,120.0
800,549854,303309,no,connect,ended,-46.0,,,720.0
802,548460,356673,no,mobile,ended,30.0,,,60.0
804,555318,350149,no,mobile,ended,29.0,,,150.0
806,514557,364038,no,mobile,ended,-1.0,,,30.0
808,519547,363280,no,mobile,ended,73.0,,,540.0
810,551892,376491,yes,connect,ended,-96.0,550998.0,540.0,30.0
812,549549,376840,no,connect,ended,-153.0,,,540.0
814,562021,368432,no,mobile,ended,-2.0,,,630.0
816,554035,312622,no,mobile,ended,0.0,,,60.0
818,556500,362187,no,connect,ended,15.0,555592.0,60.0,180.0
820,559412,394801,no,mobile,ended,-28.0,,,30.0
822,552745,314687,no,mobile,ended,-82.0,,,60.0
824,556870,391519,no,connect,ended,0.0,555600.0,180.0,660.0
826,530304,390692,no,mobile,ended,39.0,,,0.0
828,539950,403313,no,mobile,ended,0.0,,,0.0
830,548622,308073,yes,connect,ended,29.0,,,720.0
832,550285,372115,no,mobile,ended,-31.0,,,660.0
834,550453,336629,no,mobile,ended,8.0,,,0.0
836,550567,398886,no,mobile,ended,-58.0,,,60.0
838,566927,354138,no,mobile,ended,142.0,,,570.0
840,552169,412539,no,mobile,ended,-262.0,551183.0,270.0,480.0
842,549036,378754,no,connect,ended,-148.0,,,0.0
844,539712,274001,no,mobile,ended,134.0,,,120.0
846,564613,320834,no,connect,ended,28.0,,,120.0
848,550583,229646,no,mobile,ended,3.0,,,450.0
850,565544,368724,no,mobile,ended,-22.0,,,60.0
852,555592,362187,yes,connect,ended,-106.0,,,60.0
854,555077,404542,no,mobile,ended,76.0,,,180.0
856,540817,383344,no,connect,ended,105.0,,,60.0
858,561985,380069,no,mobile,ended,0.0,,,0.0
860,558174,383462,no,connect,ended,-1.0,,,660.0
862,551494,404130,yes,connect,ended,-111.0,,,720.0
864,556077,320438,no,mobile,ended,-20.0,,,150.0
866,557097,357530,no,connect,ended,-49.0,,,690.0
868,557671,414201,no,mobile,ended,-54.0,,,690.0
870,556581,291932,no,connect,ended,-18.0,,,150.0
872,564990,308181,no,connect,ended,133.0,,,120.0
874,559390,397599,no,mobile,ended,-159.0,,,630.0
876,557366,347011,no,mobile,ended,62.0,,,60.0
878,558833,192643,no,mobile,ended,0.0,558823.0,0.0,630.0
880,553996,305452,no,mobile,ended,-81.0,,,570.0
882,550306,353425,yes,connect,ended,-58.0,555658.0,720.0,60.0
884,560585,397592,no,mobile,ended,0.0,,,60.0
886,567637,338584,yes,connect,ended,-166.0,,,630.0
888,556081,403644,no,mobile,ended,-6.0,,,30.0
890,554398,381994,no,mobile,ended,14.0,,,60.0
892,554077,181625,no,connect,ended,6.0,,,120.0
894,554117,320824,no,connect,ended,-1084.0,,,450.0
896,554528,355444,yes,connect,ended,-32.0,,,240.0
898,574786,295860,no,mobile,ended,65.0,,,60.0
900,554144,403430,no,mobile,ended,21.0,,,720.0
902,555004,407636,no,connect,ended,-71.0,,,660.0
904,543323,367365,no,connect,ended,2.0,,,630.0
906,548107,334118,no,mobile,ended,-277.0,,,30.0
908,566170,245154,yes,connect,ended,-2.0,,,180.0
910,554711,351153,no,mobile,ended,1.0,,,720.0
912,554772,359978,no,mobile,ended,0.0,,,720.0
914,559072,383485,no,mobile,ended,-56.0,558533.0,720.0,60.0
916,560638,361789,no,mobile,ended,-892.0,,,690.0
918,572671,381787,yes,connect,ended,12.0,,,720.0
920,517671,401475,no,connect,ended,-249.0,,,660.0
922,568065,383110,no,connect,ended,-64.0,,,480.0
924,544588,377591,no,connect,ended,50.0,562313.0,60.0,0.0
926,542219,385721,yes,connect,ended,0.0,,,0.0
928,553902,324640,no,mobile,ended,-128.0,,,420.0
930,543686,244848,no,connect,ended,-11.0,,,120.0
932,540696,402469,no,mobile,ended,-109.0,,,510.0
934,538639,383540,no,mobile,ended,38.0,,,330.0
936,557424,336650,no,connect,ended,0.0,,,0.0
938,552598,376840,no,connect,ended,10.0,549549.0,540.0,690.0
940,562075,403430,no,mobile,ended,70.0,554144.0,720.0,660.0
942,550534,226317,no,mobile,ended,0.0,544324.0,0.0,0.0
944,560872,385073,no,mobile,ended,-56.0,,,690.0
946,566651,347464,no,connect,ended,32.0,,,300.0
948,572580,288973,no,mobile,ended,-12.0,571780.0,720.0,30.0
950,556513,385625,no,connect,ended,-68.0,,,0.0
952,561309,351319,no,mobile,ended,-577.0,,,660.0
954,537960,390927,no,connect,ended,31.0,,,660.0
956,545594,392479,no,mobile,ended,22.0,538397.0,570.0,720.0
958,564600,272430,no,connect,ended,-61.0,559220.0,570.0,330.0
960,561530,299063,no,connect,ended,-5.0,,,270.0
962,565814,389565,yes,connect,ended,48.0,565397.0,0.0,510.0
964,561260,384396,no,connect,ended,-75.0,,,690.0
966,567442,410939,yes,connect,ended,-353.0,,,240.0
968,562269,293992,no,mobile,ended,0.0,,,60.0
970,566798,375126,no,connect,ended,50.0,,,630.0
972,560610,300505,yes,connect,ended,-54.0,,,90.0
974,565577,274949,no,mobile,ended,-259.0,,,210.0
976,560681,346305,no,mobile,ended,-21.0,,,180.0
978,569272,366164,yes,connect,ended,7.0,571324.0,120.0,360.0
980,550806,386413,no,connect,ended,-18.0,,,0.0
982,557700,380128,no,mobile,ended,315.0,,,360.0
984,509972,200364,no,mobile,ended,-664.0,,,480.0
986,564545,364652,yes,connect,ended,-90.0,,,60.0
988,557899,376642,no,mobile,ended,-25.0,,,630.0
990,563870,356630,no,mobile,ended,-731.0,,,0.0
992,550539,348225,no,mobile,ended,-59.0,,,0.0
994,563059,216576,yes,connect,ended,-24.0,,,150.0
996,563443,342699,no,connect,ended,-1.0,566561.0,570.0,30.0
998,569781,363387,no,mobile,ended,-687.0,,,450.0
1000,525338,324197,no,mobile,ended,19.0,,,210.0
1002,540635,400293,no,mobile,ended,0.0,,,570.0
1004,539108,366371,yes,connect,ended,-39.0,,,0.0
1006,561211,372809,yes,connect,ended,-134.0,,,600.0
1008,563613,367632,yes,connect,ended,11.0,,,720.0
1010,537033,324821,yes,connect,ended,8.0,,,720.0
1012,537576,397470,no,mobile,ended,18.0,539005.0,0.0,150.0
1014,564977,401542,no,mobile,ended,19.0,,,480.0
1016,527519,339189,no,mobile,ended,137.0,,,360.0
1018,555546,351146,no,mobile,ended,2.0,,,90.0
1020,535313,396552,no,mobile,ended,23.0,,,720.0
1022,548080,385972,no,mobile,ended,34.0,,,660.0
1024,554652,390702,yes,connect,ended,-24.0,,,660.0
1026,529888,281116,no,mobile,ended,169.0,,,180.0
1028,532994,340868,no,connect,ended,-59.0,,,60.0
1030,561882,356630,no,mobile,ended,-19.0,563870.0,0.0,180.0
1032,564684,324821,yes,connect,ended,-26.0,,,90.0
1034,573546,390467,yes,connect,ended,-7.0,572236.0,60.0,360.0
1036,573698,181625,yes,connect,ended,61.0,,,90.0
1038,535039,395608,no,mobile,ended,62.0,,,180.0
1040,538592,380833,no,mobile,ended,-544.0,,,30.0
1042,522667,214635,no,connect,ended,119.0,,,180.0
1044,535185,401281,no,connect,ended,-500.0,,,60.0
1046,538335,404146,no,mobile,ended,-128.0,,,720.0
1048,533521,261263,no,mobile,ended,20.0,,,180.0
1050,543033,372878,no,mobile,ended,-45.0,,,60.0
1052,523175,392635,no,mobile,ended,2976.0,,,0.0
1054,539006,383255,no,mobile,ended,94.0,,,240.0
1056,541396,379751,no,connect,ended,33.0,,,0.0
1058,538244,347208,yes,connect,ended,23.0,,,510.0
1060,544230,391153,no,mobile,ended,9.0,,,720.0
1062,543848,404771,no,mobile,ended,20.0,,,120.0
1064,545532,387939,no,connect,ended,7.0,546352.0,300.0,510.0
1066,543175,404020,no,mobile,ended,4.0,,,30.0
1068,550903,389785,no,connect,ended,-18.0,540617.0,180.0,690.0
1070,539744,311923,yes,connect,ended,-104.0,,,240.0
1072,544443,337047,no,mobile,ended,56.0,,,30.0
1074,545463,373367,no,mobile,ended,40.0,,,60.0
1076,550415,372924,no,mobile,ended,144.0,,,210.0
1078,551652,356434,no,mobile,ended,-3.0,,,0.0
1080,551575,366071,no,mobile,ended,22.0,,,180.0
1082,563235,369542,yes,connect,ended,-107.0,,,480.0
1084,548833,367608,yes,connect,ended,75.0,,,120.0
1086,546653,327336,no,mobile,ended,-77.0,,,420.0
1088,545062,342067,no,mobile,ended,-98.0,,,0.0
1090,564237,412682,no,mobile,ended,13.0,,,240.0
1092,554266,407524,no,mobile,ended,106.0,,,480.0
1094,552353,388540,no,mobile,ended,-33.0,,,30.0
1096,548864,396250,no,mobile,ended,527.0,550060.0,120.0,510.0
1098,537483,350769,no,mobile,ended,34.0,,,540.0
1100,554954,403749,no,mobile,ended,-152.0,548087.0,540.0,60.0
1102,557439,412623,no,mobile,ended,64.0,,,180.0
1104,567093,415726,no,mobile,ended,-2.0,565126.0,270.0,180.0
1106,568298,342699,no,connect,ended,7.0,,,60.0
1108,571215,339138,yes,connect,ended,0.0,,,90.0
1110,569017,407084,no,mobile,ended,111.0,,,360.0
1112,553599,382444,no,mobile,ended,0.0,,,90.0
1114,515659,375421,no,connect,ended,-1.0,,,330.0
1116,564522,333753,no,mobile,ended,95.0,564604.0,660.0,240.0
1118,561277,406625,yes,connect,ended,39.0,,,0.0
1120,553717,216148,no,connect,ended,-46.0,,,150.0
1122,569229,374486,no,mobile,ended,46.0,569375.0,570.0,360.0
1124,567964,298466,no,mobile,ended,-22.0,527165.0,150.0,150.0
1126,567843,407389,no,mobile,ended,93.0,,,150.0
1128,561722,384657,yes,connect,ended,224.0,,,690.0
1130,566591,386325,no,mobile,ended,-31.0,,,720.0
1132,561807,402308,no,mobile,ended,-3.0,,,0.0
1134,567644,216701,no,mobile,ended,-1408.0,565921.0,210.0,690.0
1136,565555,404629,no,mobile,ended,101.0,,,60.0
1138,566412,317378,yes,connect,ended,-129.0,,,210.0
1140,568767,364670,no,mobile,ended,-78.0,,,0.0
1142,561080,396289,no,mobile,ended,107.0,,,180.0
1144,571616,311943,no,mobile,ended,0.0,,,690.0
1146,565815,298466,no,mobile,ended,-40.0,567964.0,150.0,30.0
1148,572285,241021,no,connect,ended,-101.0,571991.0,30.0,720.0
1150,572181,414681,no,mobile,ended,147.0,,,180.0
1152,538439,386259,no,connect,ended,-171.0,,,720.0
1154,557027,306601,no,mobile,ended,0.0,,,420.0
1156,539557,376760,no,connect,ended,21.0,,,90.0
1158,539791,349861,no,mobile,ended,670.0,,,690.0
1160,540059,377172,no,mobile,ended,1.0,,,180.0
1162,566005,316042,no,mobile,ended,354.0,,,0.0
1164,537250,401673,no,mobile,ended,-663.0,,,60.0
1166,551501,280227,no,connect,ended,-476.0,,,660.0
1168,529144,356673,no,mobile,ended,-5.0,,,0.0
1170,537243,365926,yes,connect,ended,242.0,,,360.0
1172,529626,324821,no,connect,ended,66.0,537033.0,720.0,600.0
1174,565872,357005,no,mobile,ended,62.0,,,420.0
1176,533474,336886,no,mobile,ended,-12.0,,,30.0
1178,564143,374741,yes,connect,ended,-122.0,,,690.0
1180,562156,414230,no,mobile,ended,249.0,,,0.0
1182,553521,327575,no,mobile,ended,53.0,,,540.0
1184,563509,349894,yes,connect,ended,-432.0,,,60.0
1186,534332,401077,no,mobile,ended,44.0,,,30.0
1188,519682,296967,no,connect,ended,-223.0,,,720.0
1190,539958,409690,no,mobile,ended,299.0,,,390.0
1192,539969,321801,no,mobile,ended,-37.0,,,150.0
1194,540311,241021,no,connect,ended,48.0,,,30.0
1196,563657,300781,no,mobile,ended,-492.0,,,0.0
1198,554547,305307,no,mobile,ended,70.0,,,120.0
1200,561213,405433,no,mobile,ended,124.0,564813.0,120.0,300.0
1202,565345,415629,no,mobile,ended,-54.0,,,90.0
1204,570957,390479,no,mobile,ended,7.0,,,120.0
1206,533793,317572,yes,connect,ended,-17.0,,,0.0
1208,546067,367535,no,mobile,ended,33.0,,,270.0
1210,538177,377509,no,mobile,ended,50.0,,,240.0
1212,557772,392368,yes,connect,ended,-61.0,,,720.0
1214,540797,397599,no,mobile,ended,12.0,,,0.0
1216,539340,230201,no,connect,ended,-18.0,,,180.0
1218,541455,409088,no,mobile,ended,-172.0,,,60.0
1220,542364,338584,no,connect,ended,-38.0,,,0.0
1222,534964,359641,no,mobile,ended,-3.0,,,720.0
1224,531984,356106,yes,connect,ended,-605.0,,,120.0
1226,537400,337219,yes,connect,ended,1.0,,,240.0
1228,564185,248300,no,connect,ended,13.0,,,450.0
1230,558588,375621,no,connect,ended,41.0,,,660.0
1232,567020,216576,yes,connect,ended,-470.0,563059.0,150.0,0.0
1234,563062,409345,no,mobile,ended,4.0,,,30.0
1236,552061,401387,no,mobile,ended,240.0,,,60.0
1238,565321,365926,yes,connect,ended,-30.0,,,180.0
1240,563229,377127,no,mobile,ended,-41.0,,,240.0
1242,556043,368432,no,mobile,ended,2.0,,,0.0
1244,538452,327336,no,mobile,ended,64.0,,,0.0
1246,549523,325328,no,mobile,ended,121.0,,,630.0
1248,542232,316042,no,connect,ended,-226.0,,,720.0
1250,541605,386259,no,connect,ended,1.0,535939.0,660.0,0.0
1252,542164,301228,no,mobile,ended,-25.0,,,540.0
1254,523988,317819,no,mobile,ended,86.0,,,420.0
1256,554118,366164,yes,connect,ended,113.0,550687.0,180.0,720.0
1258,553900,398802,no,mobile,ended,8.0,540217.0,0.0,690.0
1260,554505,402562,yes,connect,ended,-47.0,554934.0,0.0,60.0
1262,557889,392718,no,mobile,ended,-54.0,,,720.0
1264,516147,351168,no,mobile,ended,0.0,,,480.0
1266,562244,391519,no,connect,ended,0.0,,,540.0
1268,561557,349655,no,mobile,ended,4.0,,,0.0
1270,563518,395204,yes,connect,ended,-13.0,,,720.0
1272,567288,386259,no,connect,ended,-86.0,559685.0,180.0,0.0
1274,563557,415157,no,mobile,ended,3.0,,,30.0
1276,557146,412698,no,mobile,ended,-8.0,,,60.0
1278,565610,385073,no,mobile,ended,-18.0,555340.0,120.0,690.0
1280,546969,388795,no,mobile,ended,104.0,,,120.0
1282,565728,374486,no,mobile,ended,50.0,569229.0,360.0,240.0
1284,574596,356190,no,mobile,ended,10.0,,,30.0
1286,572492,294883,no,mobile,ended,9.0,,,0.0
1288,565837,338940,no,mobile,ended,-61.0,,,0.0
1290,528723,401740,no,mobile,ended,404.0,,,60.0
1292,549626,298516,no,connect,ended,115.0,,,390.0
1294,550585,384040,no,connect,ended,42.0,,,0.0
1296,534917,243721,no,mobile,ended,131.0,,,120.0
1298,534342,375944,no,connect,ended,-71.0,,,300.0
1300,545232,404774,no,mobile,ended,63.0,,,300.0
1302,550313,392683,yes,connect,ended,-26.0,,,0.0
1304,535637,392368,yes,connect,ended,21.0,,,120.0
1306,537176,343808,no,connect,ended,-50.0,,,60.0
1308,521664,392327,no,mobile,ended,-35.0,,,600.0
1310,540751,409113,no,mobile,ended,204.0,,,180.0
1312,571991,241021,no,connect,ended,-14.0,,,30.0
1314,571606,369648,yes,connect,ended,-600.0,,,120.0
1316,546278,388438,no,mobile,ended,-54.0,,,0.0
1318,545330,296815,no,connect,ended,-37.0,,,60.0
1320,523230,367164,no,mobile,ended,83.0,,,600.0
1322,517515,385629,no,connect,ended,33.0,,,0.0
1324,535939,386259,no,connect,ended,-151.0,538439.0,720.0,660.0
1326,534021,338243,yes,connect,ended,-57.0,,,90.0
1328,542179,248272,no,mobile,ended,-376.0,,,90.0
1330,540453,298429,no,connect,ended,39.0,,,690.0
1332,514673,402194,no,mobile,ended,-52.0,,,570.0
1334,540939,333107,no,mobile,ended,-17.0,,,180.0
1336,539042,389599,no,mobile,ended,1500.0,,,0.0
1338,538875,334190,yes,connect,ended,-875.0,543805.0,0.0,120.0
1340,540254,383144,no,connect,ended,75.0,534854.0,120.0,600.0
1342,547571,364411,no,mobile,ended,155.0,,,180.0
1344,558560,373893,no,connect,ended,-775.0,,,0.0
1346,540902,403884,no,mobile,ended,-190.0,,,0.0
1348,534944,335605,no,mobile,ended,-2.0,,,60.0
1350,522854,405622,no,mobile,ended,58.0,,,120.0
1352,545863,212965,no,connect,ended,-1095.0,,,150.0
1354,563963,377312,no,mobile,ended,84.0,,,630.0
1356,530797,318867,no,mobile,ended,28.0,,,270.0
1358,534311,334924,no,mobile,ended,320.0,,,180.0
1360,549631,360981,no,mobile,ended,-83.0,,,30.0
1362,545931,285452,no,connect,ended,-71.0,,,0.0
1364,548333,352393,no,connect,ended,0.0,,,480.0
1366,556481,314456,yes,connect,ended,0.0,,,480.0
1368,544217,401262,no,mobile,ended,53.0,,,90.0
1370,535528,339540,no,mobile,ended,39.0,,,60.0
1372,557319,346697,no,mobile,ended,0.0,,,690.0
1374,567818,368432,no,mobile,ended,-986.0,568439.0,630.0,570.0
1376,543535,371572,yes,connect,ended,-312.0,548202.0,390.0,60.0
1378,555818,393172,no,connect,ended,17.0,,,30.0
1380,557954,179304,no,mobile,ended,25.0,,,0.0
1382,539582,377119,no,connect,ended,98.0,,,120.0
1384,541841,216148,no,connect,ended,40.0,,,60.0
1386,550970,365926,yes,connect,ended,596.0,,,0.0
1388,544688,362531,no,connect,ended,334.0,,,660.0
1390,538013,402562,yes,connect,ended,-37.0,,,0.0
1392,536619,274598,no,mobile,ended,6.0,,,120.0
1394,540562,230201,no,connect,ended,-594.0,539340.0,180.0,30.0
1396,538975,340442,no,mobile,ended,-67.0,,,120.0
1398,539166,310661,no,mobile,ended,-184.0,,,720.0
1400,536981,347781,no,mobile,ended,5.0,,,600.0
1402,532257,289901,no,connect,ended,-157.0,,,660.0
1404,534242,288611,no,mobile,ended,12.0,,,60.0
1406,539551,384040,yes,connect,ended,-1.0,,,0.0
1408,551060,407026,no,mobile,ended,0.0,,,630.0
1410,547204,321752,no,connect,ended,7.0,,,420.0
1412,547543,370907,no,mobile,ended,-16.0,,,0.0
1414,552184,319373,yes,connect,ended,-7.0,,,90.0
1416,535364,284459,yes,connect,ended,7.0,,,510.0
1418,551053,377172,no,mobile,ended,19.0,,,30.0
1420,535338,380833,no,mobile,ended,-16.0,,,240.0
1422,520000,385128,no,mobile,ended,29.0,,,120.0
1424,538006,349678,yes,connect,ended,4.0,,,30.0
1426,537569,364464,no,connect,ended,0.0,,,600.0
1428,532634,402083,no,connect,ended,-275.0,,,510.0
1430,538412,164960,no,connect,ended,-17.0,,,360.0
1432,542111,357875,no,mobile,ended,-14.0,,,0.0
1434,529692,224967,no,mobile,ended,16.0,,,0.0
1436,540804,385178,no,connect,ended,34.0,,,120.0
1438,542866,347847,no,mobile,ended,-152.0,,,720.0
1440,561402,375553,no,mobile,ended,-8.0,,,60.0
1442,548637,361564,no,mobile,ended,-175.0,,,60.0
1444,543933,311707,no,connect,ended,-32.0,,,0.0
1446,561611,317639,no,mobile,ended,39.0,,,120.0
1448,550645,359049,no,connect,ended,249.0,,,390.0
1450,549114,412219,no,mobile,ended,-12.0,,,540.0
1452,546881,396532,no,mobile,ended,12.0,,,0.0
1454,551404,388895,no,mobile,ended,48.0,,,120.0
1456,547485,293523,no,mobile,ended,18.0,,,0.0
1458,543328,358772,no,connect,ended,-9.0,552619.0,240.0,120.0
1460,552800,335276,yes,connect,ended,-74.0,553412.0,0.0,150.0
1462,543626,392882,no,mobile,ended,-148.0,,,570.0
1464,547640,392718,no,mobile,ended,0.0,557889.0,720.0,60.0
1466,553891,383344,no,connect,ended,-27.0,,,180.0
1468,560213,412226,no,mobile,ended,0.0,558523.0,480.0,420.0
1470,547287,357875,no,mobile,ended,-84.0,,,360.0
1472,546641,371387,no,mobile,ended,-1005.0,549907.0,60.0,60.0
1474,548781,248889,no,connect,ended,-118.0,,,0.0
1476,532574,405481,no,mobile,ended,-11.0,,,240.0
1478,534486,369230,no,mobile,ended,-99.0,,,690.0
1480,555893,312157,no,mobile,ended,-49.0,,,690.0
1482,539987,383110,no,connect,ended,76.0,528385.0,480.0,720.0
1484,540030,406413,no,mobile,ended,59.0,,,120.0
1486,541529,409005,no,mobile,ended,17.0,,,60.0
1488,557295,398876,no,mobile,ended,29.0,,,540.0
1490,531562,394928,no,connect,ended,-129.0,,,210.0
1492,540016,357860,no,connect,ended,16.0,542394.0,570.0,450.0
1494,527161,379539,no,mobile,ended,0.0,,,90.0
1496,542993,258737,no,mobile,ended,39.0,526456.0,600.0,0.0
1498,552820,383804,no,connect,ended,-4.0,,,180.0
1500,519135,383344,no,connect,ended,69.0,,,90.0
1502,551957,359045,no,connect,ended,3.0,546597.0,30.0,30.0
1504,551492,304392,yes,connect,ended,-17.0,,,630.0
1506,557381,409345,no,mobile,ended,14.0,,,60.0
1508,544602,313955,no,mobile,ended,42.0,,,300.0
1510,551183,412539,no,mobile,ended,19.0,,,270.0
1512,537659,373893,yes,connect,ended,-4.0,,,450.0
1514,521343,401387,no,mobile,ended,86.0,,,540.0
1516,509094,347464,no,connect,ended,-26.0,,,720.0
1518,540818,280406,no,mobile,ended,52.0,,,600.0
1520,535048,330289,no,mobile,ended,0.0,,,360.0
1522,564202,374169,yes,connect,ended,0.0,,,600.0
1524,553160,399912,no,connect,ended,-67.0,,,30.0
1526,540747,214635,yes,connect,ended,-972.0,546332.0,60.0,240.0
1528,558817,351660,yes,connect,ended,-72.0,,,720.0
1530,555201,407411,no,mobile,ended,-26.0,,,30.0
1532,552358,375047,no,connect,ended,-7.0,,,630.0
1534,505628,194343,no,connect,ended,-60.0,,,90.0
1536,549825,403265,no,connect,ended,-18.0,,,690.0
1538,549019,349894,yes,connect,ended,32.0,,,270.0
1540,542244,241021,no,connect,ended,80.0,542010.0,60.0,720.0
1542,534344,280805,no,connect,ended,18.0,,,720.0
1544,539334,404906,no,mobile,ended,-55.0,,,660.0
1546,542853,350149,no,mobile,ended,-78.0,,,30.0
1548,539408,359049,yes,connect,ended,-6.0,,,720.0
1550,535981,368432,no,mobile,ended,2.0,,,0.0
1552,541498,351660,yes,connect,ended,3.0,,,240.0
1554,546477,383309,no,mobile,ended,16.0,548486.0,660.0,30.0
1556,535991,228359,no,connect,ended,-225.0,,,60.0
1558,542766,358978,no,connect,ended,-8.0,,,540.0
1560,523506,368404,no,mobile,ended,5.0,,,720.0
1562,542197,290600,yes,connect,ended,-12.0,,,0.0
1564,537874,390481,no,mobile,ended,-31.0,,,330.0
1566,549493,336426,no,mobile,ended,283.0,,,0.0
1568,551198,224728,no,mobile,ended,48.0,,,30.0
1570,555658,353425,yes,connect,ended,-89.0,,,720.0
1572,525663,383997,no,mobile,ended,59.0,,,720.0
1574,543706,391325,no,mobile,ended,0.0,,,60.0
1576,546050,384479,no,mobile,ended,-778.0,,,180.0
1578,548963,374626,no,mobile,ended,48.0,536523.0,720.0,630.0
1580,565868,376901,yes,connect,ended,-19.0,562254.0,30.0,30.0
1582,540747,214635,yes,connect,ended,-972.0,546332.0,60.0,240.0
1584,538099,391379,no,connect,ended,65.0,,,60.0
1586,543606,376901,no,connect,ended,18.0,,,60.0
1588,538688,351168,no,mobile,ended,69.0,,,120.0
1590,553087,301181,no,mobile,ended,-87.0,,,60.0
1592,555637,300505,yes,connect,ended,-1.0,545888.0,60.0,30.0
1594,553108,407389,no,mobile,ended,11.0,,,600.0
1596,540428,394875,no,mobile,ended,6.0,,,0.0
1598,532216,192575,no,connect,ended,1.0,,,180.0
1600,559416,400689,no,mobile,ended,7.0,,,0.0
1602,556203,390068,no,mobile,ended,169.0,,,180.0
1604,548898,410571,no,mobile,ended,47.0,,,120.0
1606,552892,382821,yes,connect,ended,-48.0,,,420.0
1608,563395,412989,no,mobile,ended,0.0,,,240.0
1610,558724,380479,no,mobile,ended,13.0,555526.0,570.0,0.0
1612,556079,374298,no,connect,ended,-1019.0,,,240.0
1614,553198,296227,no,mobile,ended,252.0,,,30.0
1616,548088,402562,yes,connect,ended,-111.0,546511.0,120.0,0.0
1618,526468,379889,no,mobile,ended,-37.0,,,150.0
1620,540436,393126,no,mobile,ended,119.0,,,90.0
1622,534183,200366,no,mobile,ended,21.0,,,240.0
1624,538253,406927,no,mobile,ended,11.0,,,120.0
1626,538120,392368,yes,connect,ended,-103.0,535637.0,120.0,510.0
1628,557012,358772,no,connect,ended,-29.0,553385.0,60.0,60.0
1630,548778,216576,no,connect,ended,-1.0,,,120.0
1632,554740,392656,no,mobile,ended,0.0,,,0.0
1634,538215,336754,no,mobile,ended,-26.0,,,0.0
1636,538870,176670,no,connect,ended,-30.0,,,30.0
1638,532031,313432,no,mobile,ended,62.0,,,60.0
1640,541454,351393,no,connect,ended,254.0,,,720.0
1642,534917,243721,no,mobile,ended,131.0,,,120.0
1644,540159,241021,no,connect,ended,-204.0,,,0.0
1646,513950,390656,no,connect,ended,-2.0,,,0.0
1648,526192,397838,no,mobile,ended,10.0,,,720.0
1650,511557,348462,no,mobile,ended,-4.0,,,360.0
1652,556375,406161,no,mobile,ended,9.0,,,480.0
1654,534169,334190,no,connect,ended,25.0,,,0.0
1656,540811,364530,no,mobile,ended,-30.0,,,0.0
1658,545117,388895,no,mobile,ended,-118.0,,,600.0
1660,554407,310049,no,mobile,ended,76.0,551523.0,120.0,120.0
1662,553244,275364,yes,connect,ended,-880.0,,,90.0
1664,526426,370907,no,mobile,ended,42.0,547543.0,0.0,600.0
1666,560285,364907,no,connect,ended,-169.0,,,720.0
1668,554879,379889,no,mobile,ended,14.0,,,90.0
1670,559898,362187,yes,connect,ended,-8.0,556725.0,240.0,690.0
1672,554129,390467,yes,connect,ended,1.0,,,720.0
1674,549612,390702,yes,connect,ended,2.0,,,720.0
1676,544791,402562,yes,connect,ended,85.0,554505.0,60.0,630.0
1678,559663,173061,no,connect,ended,-21.0,552524.0,720.0,90.0
1680,553002,385378,no,mobile,ended,9.0,,,210.0
1682,564963,181625,yes,connect,ended,180.0,,,540.0
1684,545760,383804,no,connect,ended,-25.0,552820.0,180.0,60.0
1686,558823,192643,no,mobile,ended,0.0,,,0.0
1688,557217,400709,no,mobile,ended,0.0,,,300.0
1690,556710,410052,no,mobile,ended,70.0,,,600.0
1692,558934,297105,no,connect,ended,-102.0,,,720.0
1694,559579,391379,yes,connect,ended,8.0,,,150.0
1696,560740,383344,yes,connect,ended,17.0,534678.0,60.0,450.0
1698,561032,403240,no,connect,ended,-1.0,,,630.0
1700,543796,340616,no,connect,ended,17.0,,,510.0
1702,542971,314456,no,connect,ended,-26.0,533380.0,690.0,0.0
1704,538603,384983,no,mobile,ended,169.0,,,420.0
1706,547975,386259,no,connect,ended,27.0,,,180.0
1708,551209,341861,yes,connect,ended,-15.0,,,120.0
1710,549767,323762,no,mobile,ended,-222.0,,,600.0
1712,548670,409598,no,mobile,ended,0.0,,,720.0
1714,542843,255757,no,connect,ended,-231.0,,,690.0
1716,537078,321170,no,mobile,ended,22.0,,,300.0
1718,551633,386413,no,connect,ended,58.0,,,600.0
1720,549265,402654,no,mobile,ended,0.0,,,570.0
1722,534370,400171,no,mobile,ended,-69.0,,,0.0
1724,526537,380478,no,mobile,ended,747.0,,,0.0
1726,536646,380038,no,mobile,ended,88.0,,,600.0
1728,541691,355444,yes,connect,ended,5.0,,,120.0
1730,563709,343003,no,mobile,ended,0.0,561739.0,660.0,720.0
1732,563652,299063,no,connect,ended,-22.0,561530.0,270.0,30.0
1734,540875,372027,no,mobile,ended,-12.0,,,0.0
1736,541564,295349,no,mobile,ended,0.0,,,480.0
1738,552753,399575,no,connect,ended,-43.0,,,0.0
1740,554248,195467,no,mobile,ended,0.0,,,450.0
1742,566613,314456,yes,connect,ended,10.0,,,60.0
1744,546242,368604,no,connect,ended,2.0,555708.0,540.0,90.0
1746,546640,404041,no,connect,ended,-44.0,,,720.0
1748,551850,362498,no,mobile,ended,26.0,,,150.0
1750,554745,367919,yes,connect,ended,-32.0,,,0.0
1752,537504,358772,yes,connect,ended,-43.0,,,540.0
1754,541444,397413,no,mobile,ended,901.0,,,30.0
1756,535349,190291,no,connect,ended,-37.0,,,510.0
1758,526733,192179,no,connect,ended,-94.0,541656.0,720.0,120.0
1760,542935,377119,yes,connect,ended,16.0,,,360.0
1762,529569,407389,no,mobile,ended,242.0,,,270.0
1764,538954,362339,no,connect,ended,-914.0,,,570.0
1766,540181,320780,no,mobile,ended,28.0,,,690.0
1768,536387,310661,no,mobile,ended,5.0,539166.0,720.0,450.0
1770,544670,382060,no,mobile,ended,-27.0,,,660.0
1772,545025,296967,yes,connect,ended,415.0,,,240.0
1774,543359,380813,no,mobile,ended,594.0,537074.0,0.0,660.0
1776,546980,408927,no,mobile,ended,11.0,,,60.0
1778,555622,347873,no,connect,ended,-154.0,,,570.0
1780,563362,192643,no,mobile,ended,0.0,562736.0,270.0,180.0
1782,564208,361262,no,mobile,ended,90.0,,,270.0
1784,562579,415326,no,mobile,ended,0.0,,,600.0
1786,564294,342699,no,connect,ended,0.0,,,270.0
1788,556355,390729,no,mobile,ended,0.0,,,90.0
1790,564616,383443,yes,connect,ended,-113.0,563616.0,540.0,480.0
1792,564845,342699,no,connect,ended,-61.0,565162.0,510.0,0.0
1794,566705,415533,no,mobile,ended,-17.0,,,660.0
1796,562848,272430,no,connect,ended,-63.0,564600.0,330.0,0.0
1798,563347,376677,yes,connect,ended,-212.0,,,600.0
1800,554559,383720,no,connect,ended,19.0,,,720.0
1802,561185,406554,yes,connect,ended,-5.0,,,150.0
1804,561253,223850,no,mobile,ended,83.0,,,210.0
1806,549583,330679,no,mobile,ended,39.0,,,0.0
1808,561744,413333,no,mobile,ended,-3.0,564275.0,600.0,720.0
1810,509729,331903,no,mobile,ended,19.0,,,210.0
1812,543363,195467,no,mobile,ended,0.0,,,660.0
1814,542561,374684,no,mobile,ended,-1.0,545068.0,720.0,720.0
1816,545098,307439,no,mobile,ended,-45.0,,,720.0
1818,552710,377700,no,mobile,ended,5.0,,,90.0
1820,546959,405005,no,connect,ended,38.0,545715.0,240.0,570.0
1822,545064,194343,no,connect,ended,74.0,,,30.0
1824,542249,397838,no,mobile,ended,-84.0,,,90.0
1826,547238,349678,yes,connect,ended,-652.0,,,180.0
1828,553005,346208,no,connect,ended,-6.0,,,240.0
1830,527378,368432,no,mobile,ended,0.0,,,0.0
1832,548851,390467,no,connect,ended,-16.0,,,60.0
1834,538892,376626,no,mobile,ended,19.0,,,660.0
1836,536101,408910,no,mobile,ended,-60.0,,,720.0
1838,560568,390702,yes,connect,ended,-106.0,549612.0,720.0,120.0
1840,545888,300505,yes,connect,ended,-137.0,,,60.0
1842,535903,375307,no,mobile,ended,67.0,,,720.0
1844,548303,338940,no,mobile,ended,-101.0,,,60.0
1846,546923,411454,no,mobile,ended,0.0,,,480.0
1848,543717,402078,no,mobile,ended,-7.0,537304.0,240.0,0.0
1850,549811,341630,no,mobile,ended,114.0,,,690.0
1852,551511,364652,no,connect,ended,-81.0,,,60.0
1854,567229,284713,no,connect,ended,-4.0,,,600.0
1856,548152,410939,no,connect,ended,0.0,557055.0,0.0,60.0
1858,545608,407419,no,connect,ended,-54.0,,,0.0
1860,522848,361156,no,mobile,ended,-5.0,,,300.0
1862,547903,350873,no,connect,ended,-215.0,,,0.0
1864,544324,226317,no,mobile,ended,0.0,,,0.0
1866,558858,304775,yes,connect,ended,18.0,,,510.0
1868,563786,345080,no,connect,ended,-80.0,,,210.0
1870,562721,348462,no,mobile,ended,11.0,,,0.0
1872,559235,403270,no,mobile,ended,-635.0,,,480.0
1874,548152,410939,no,connect,ended,0.0,557055.0,0.0,60.0
1876,556577,404731,no,mobile,ended,287.0,,,0.0
1878,560199,412378,no,mobile,ended,108.0,,,240.0
1880,554496,270867,yes,connect,ended,89.0,,,510.0
1882,544878,351258,no,mobile,ended,29.0,,,630.0
1884,560777,360551,no,connect,ended,-25.0,,,330.0
1886,531793,393799,no,mobile,ended,39.0,,,120.0
1888,552707,300505,no,connect,ended,-92.0,,,90.0
1890,557175,412093,no,mobile,ended,74.0,,,120.0
1892,549457,407389,no,mobile,ended,-588.0,,,660.0
1894,551587,265239,no,connect,ended,12.0,,,90.0
1896,540574,408117,no,mobile,ended,0.0,,,90.0
1898,539717,380859,no,mobile,ended,164.0,,,150.0
1900,541480,223640,no,mobile,ended,0.0,,,60.0
1902,556918,380833,no,mobile,ended,35.0,532556.0,90.0,60.0
1904,547734,381012,no,mobile,ended,83.0,,,720.0
1906,552965,305525,yes,connect,ended,-6.0,,,270.0
1908,553623,407465,no,connect,ended,-59.0,,,30.0
1910,556131,285452,yes,connect,ended,-74.0,,,30.0
1912,564302,205041,no,mobile,ended,41.0,,,390.0
1914,567789,224728,no,mobile,ended,-130.0,,,30.0
1916,560761,405142,yes,connect,ended,-67.0,,,660.0
1918,566731,193097,no,connect,ended,252.0,,,0.0
1920,554835,371572,yes,connect,ended,-11.0,,,0.0
1922,560335,407636,no,connect,ended,-159.0,,,60.0
1924,570206,321322,no,mobile,ended,13.0,,,0.0
1926,570969,225617,no,mobile,ended,0.0,,,660.0
1928,554177,186958,no,mobile,ended,-40.0,,,690.0
1930,566140,407465,no,connect,ended,41.0,,,180.0
1932,565243,328263,no,mobile,ended,10.0,,,150.0
1934,562013,310918,yes,connect,ended,15.0,,,600.0
1936,565470,394043,no,mobile,ended,15.0,562479.0,180.0,120.0
1938,549978,214635,yes,connect,ended,-32.0,,,540.0
1940,561970,314220,no,mobile,ended,-8.0,,,720.0
1942,566930,364882,yes,connect,ended,-106.0,,,0.0
1944,557587,295830,yes,connect,ended,-404.0,563792.0,720.0,120.0
1946,557648,402235,no,mobile,ended,91.0,,,0.0
1948,563147,293910,no,mobile,ended,12.0,,,630.0
1950,567008,379316,no,mobile,ended,6.0,,,480.0
1952,565633,360474,yes,connect,ended,0.0,,,0.0
1954,567161,336886,no,mobile,ended,-29.0,,,690.0
1956,563253,403962,no,connect,ended,-139.0,,,480.0
1958,555902,363386,no,mobile,ended,131.0,,,300.0
1960,560315,399603,no,mobile,ended,-334.0,,,300.0
1962,545622,350149,no,mobile,ended,105.0,,,330.0
1964,557631,398586,yes,connect,ended,-38.0,,,240.0
1966,561330,400078,no,mobile,ended,0.0,,,60.0
1968,559997,305525,yes,connect,ended,6.0,,,0.0
1970,558448,383110,no,connect,ended,64.0,554348.0,150.0,570.0
1972,558702,376840,yes,connect,ended,-164.0,552598.0,690.0,60.0
1974,560362,256882,no,mobile,ended,14.0,,,480.0
1976,561815,349171,yes,connect,ended,-493.0,,,600.0
1978,539983,264348,no,mobile,ended,-11.0,,,630.0
1980,535888,336314,no,mobile,ended,7.0,,,60.0
1982,542616,396483,no,connect,ended,4.0,,,0.0
1984,540115,363387,no,mobile,ended,-38.0,,,0.0
1986,543297,341119,yes,connect,ended,66.0,,,30.0
1988,532779,349678,no,connect,ended,-80.0,538006.0,30.0,0.0
1990,534967,403265,no,mobile,ended,-11.0,,,60.0
1992,533945,353270,no,mobile,ended,130.0,,,150.0
1994,548270,289901,no,connect,ended,-473.0,,,600.0
1996,544659,377509,no,mobile,ended,-112.0,,,0.0
1998,543618,381684,no,mobile,ended,10.0,,,210.0
2000,558206,401871,yes,connect,ended,-77.0,,,0.0
2002,547164,364890,no,mobile,ended,597.0,,,450.0
2004,521066,337582,no,mobile,ended,0.0,,,720.0
2006,545149,408639,no,mobile,ended,37.0,,,240.0
2008,545415,399973,no,mobile,ended,-69.0,,,60.0
2010,524255,363936,no,mobile,ended,53.0,,,240.0
2012,538769,362595,no,mobile,ended,6.0,,,120.0
2014,563620,383344,yes,connect,ended,74.0,,,240.0
2016,555935,317024,no,mobile,ended,50.0,,,270.0
2018,540649,352528,no,connect,ended,90.0,,,480.0
2020,536007,396532,no,mobile,ended,46.0,,,90.0
2022,537953,340333,no,connect,ended,-13.0,,,300.0
2024,538592,380833,no,mobile,ended,-544.0,,,30.0
2026,563358,414410,no,mobile,ended,15.0,,,60.0
2028,562205,410218,no,mobile,ended,-124.0,,,300.0
2030,559165,376491,no,connect,ended,90.0,,,240.0
2032,540217,398802,no,mobile,ended,-988.0,543426.0,720.0,0.0
2034,563190,260745,no,mobile,ended,262.0,,,30.0
2036,547517,402078,no,mobile,ended,67.0,,,630.0
2038,549332,303930,no,mobile,ended,53.0,,,630.0
2040,563287,361518,no,mobile,ended,22.0,,,30.0
2042,564118,362187,yes,connect,ended,-8.0,,,210.0
2044,541656,192179,yes,connect,ended,-58.0,,,720.0
2046,563173,283930,no,mobile,ended,264.0,,,270.0
2048,566177,374741,yes,connect,ended,-49.0,564143.0,690.0,0.0
2050,563150,353138,no,mobile,ended,60.0,,,120.0
2052,561408,310444,yes,connect,ended,-54.0,545475.0,360.0,570.0
2054,506161,369881,no,connect,ended,6.0,549345.0,30.0,120.0
2056,541455,409088,no,mobile,ended,-172.0,,,60.0
2058,535641,360902,no,mobile,ended,0.0,,,450.0
2060,531276,305525,no,connect,ended,-145.0,,,660.0
2062,543854,222934,no,mobile,ended,-17.0,507859.0,0.0,60.0
2064,540451,279800,no,mobile,ended,-19.0,,,0.0
2066,544319,392368,yes,connect,ended,-484.0,,,60.0
2068,537316,342699,no,connect,ended,66.0,,,120.0
2070,546501,314456,yes,connect,ended,-210.0,540134.0,210.0,0.0
2072,540933,390729,no,mobile,ended,-14.0,,,0.0
2074,539274,195986,no,mobile,ended,15.0,,,0.0
2076,541079,356106,no,connect,ended,-24.0,531984.0,120.0,60.0
2078,553313,405420,no,mobile,ended,260.0,,,360.0
2080,549759,334190,yes,connect,ended,142.0,,,0.0
2082,555193,339475,no,mobile,ended,16.0,,,270.0
2084,561362,352528,yes,connect,ended,-21.0,527111.0,600.0,30.0
2086,540370,352650,no,connect,ended,-322.0,,,120.0
2088,553994,384396,no,connect,ended,120.0,,,60.0
2090,558913,396777,no,mobile,ended,19.0,,,420.0
2092,544591,360418,no,mobile,ended,-22.0,,,480.0
2094,565162,342699,no,connect,ended,52.0,564294.0,270.0,510.0
2096,565399,407315,no,mobile,ended,70.0,552810.0,120.0,0.0
2098,549726,408140,no,mobile,ended,72.0,,,660.0
2100,561416,373893,yes,connect,ended,-194.0,,,420.0
2102,535053,396435,no,connect,ended,-81.0,,,420.0
2104,543910,314456,no,connect,ended,56.0,542971.0,0.0,60.0
2106,560738,309070,no,connect,ended,-37.0,,,300.0
2108,570155,366164,yes,connect,ended,-130.0,,,30.0
2110,543790,347873,no,connect,ended,-200.0,,,30.0
2112,551354,380813,no,mobile,ended,14.0,,,390.0
2114,570983,355444,yes,connect,ended,-61.0,,,150.0
2116,557078,301301,no,connect,ended,104.0,555752.0,180.0,360.0
2118,540855,335276,yes,connect,ended,29.0,,,0.0
2120,521526,282208,no,mobile,ended,-53.0,,,240.0
2122,568439,368432,no,mobile,ended,-25.0,560404.0,90.0,630.0
2124,563484,409197,no,mobile,ended,-76.0,,,660.0
2126,560335,407636,no,connect,ended,-159.0,,,60.0
2128,566841,332998,no,mobile,ended,13.0,,,570.0
2130,574276,314220,no,mobile,ended,43.0,,,120.0
2132,573147,358978,yes,connect,ended,6.0,,,570.0
2134,574676,405611,no,connect,ended,35.0,,,90.0
2136,545556,394272,no,mobile,ended,-8.0,,,720.0
2138,553772,374057,no,mobile,ended,4.0,,,120.0
2140,546478,270935,no,mobile,ended,8.0,,,300.0
2142,536108,337311,no,mobile,ended,-843.0,,,0.0
2144,549853,376311,yes,connect,ended,-162.0,,,240.0
2146,554385,412917,no,mobile,ended,0.0,,,660.0
2148,557053,402989,yes,connect,ended,-95.0,,,60.0
2150,567805,295619,no,mobile,ended,52.0,,,150.0
2152,566395,414230,no,mobile,ended,24.0,562156.0,0.0,120.0
2154,568160,409499,no,mobile,ended,48.0,,,690.0
2156,536992,373889,no,mobile,ended,1.0,,,0.0
2158,538819,397636,no,mobile,ended,30.0,,,90.0
2160,543525,386259,no,connect,ended,11.0,541605.0,0.0,30.0
2162,553304,392633,no,mobile,ended,49.0,,,600.0
2164,528845,385378,no,mobile,ended,-4624.0,,,60.0
2166,537139,385523,yes,connect,ended,-52.0,,,30.0
2168,552425,385625,no,connect,ended,-102.0,550476.0,30.0,300.0
2170,552763,324940,no,mobile,ended,-5.0,,,120.0
2172,535011,369881,no,connect,ended,5.0,506161.0,120.0,0.0
2174,547573,361991,no,mobile,ended,17.0,,,480.0
2176,544279,409663,no,mobile,ended,0.0,,,600.0
2178,553117,386880,no,mobile,ended,65.0,,,630.0
2180,565733,404433,no,mobile,ended,-1020.0,,,480.0
2182,560439,316678,no,connect,ended,-8.0,521403.0,60.0,180.0
2184,560727,289383,no,mobile,ended,20.0,,,30.0
2186,565027,281955,no,mobile,ended,-55.0,,,720.0
2188,564381,338969,yes,connect,ended,-53.0,,,600.0
2190,560500,377781,no,mobile,ended,-259.0,544750.0,0.0,180.0
2192,562529,398152,no,connect,ended,40.0,,,720.0
2194,563832,389565,no,connect,ended,-5.0,564385.0,60.0,660.0
2196,543706,391325,no,mobile,ended,0.0,,,60.0
2198,551518,268787,no,mobile,ended,-13.0,,,0.0
2200,553157,392683,yes,connect,ended,-18.0,,,240.0
2202,538942,389836,no,mobile,ended,142.0,,,330.0
2204,519122,383497,no,mobile,ended,163.0,,,120.0
2206,553153,276924,no,mobile,ended,5.0,,,120.0
2208,552582,251447,no,connect,ended,-60.0,549512.0,630.0,210.0
2210,547952,369938,yes,connect,ended,144.0,,,240.0
2212,511719,402858,no,mobile,ended,71.0,,,0.0
2214,558495,312572,no,mobile,ended,73.0,,,0.0
2216,566342,383443,yes,connect,ended,-598.0,564616.0,480.0,60.0
2218,552161,338969,no,connect,ended,-3.0,,,660.0
2220,556319,383462,no,connect,ended,55.0,558174.0,660.0,660.0
2222,541079,356106,no,connect,ended,-24.0,531984.0,120.0,60.0
2224,507859,222934,no,mobile,ended,16.0,,,0.0
2226,512216,348526,no,connect,ended,-39.0,,,60.0
2228,537735,406551,no,mobile,ended,13.0,,,150.0
2230,536343,369230,no,mobile,ended,780.0,,,720.0
2232,538569,406984,no,mobile,ended,-15.0,,,60.0
2234,549289,391618,no,connect,ended,-814.0,,,60.0
2236,538666,382968,no,mobile,ended,34.0,,,150.0
2238,543805,334190,yes,connect,ended,-130.0,543980.0,0.0,0.0
2240,556990,388466,no,mobile,ended,201.0,,,180.0
2242,552826,300505,yes,connect,ended,13.0,,,630.0
2244,540497,204293,no,mobile,ended,-4.0,,,420.0
2246,536246,325139,no,mobile,ended,-86.0,,,510.0
2248,536772,385008,yes,connect,ended,-13.0,,,120.0
2250,537768,352921,no,connect,ended,-3.0,,,0.0
2252,538062,368724,no,mobile,ended,72.0,,,270.0
2254,527974,367632,no,connect,ended,8.0,,,270.0
2256,540103,358982,no,connect,ended,-2.0,,,720.0
2258,538558,317298,no,connect,ended,-9.0,,,30.0
2260,569307,167490,no,mobile,ended,-22.0,,,660.0
2262,568712,300377,no,mobile,ended,1760.0,,,120.0
2264,552161,338969,no,connect,ended,-3.0,,,660.0
2266,547720,183514,no,mobile,ended,-5.0,,,60.0
2268,546511,402562,yes,connect,ended,14.0,,,120.0
2270,548118,408506,no,mobile,ended,9.0,544336.0,720.0,120.0
2272,548048,251447,no,connect,ended,-27.0,,,0.0
2274,543979,387976,no,mobile,ended,7.0,,,0.0
2276,549968,377004,no,mobile,ended,52.0,550088.0,30.0,30.0
2278,538415,406075,no,mobile,ended,29.0,,,420.0
2280,523920,363431,no,mobile,ended,-25.0,,,690.0
2282,537350,407334,no,mobile,ended,-197.0,,,720.0
2284,534705,299059,no,mobile,ended,74.0,,,60.0
2286,568759,336349,yes,connect,ended,1466.0,,,630.0
2288,549606,412028,no,mobile,ended,567.0,,,570.0
2290,547713,365796,no,mobile,ended,0.0,,,120.0
2292,544304,382633,no,mobile,ended,0.0,,,540.0
2294,550621,360551,no,connect,ended,108.0,,,30.0
2296,549389,376311,yes,connect,ended,64.0,,,90.0
2298,549184,412021,no,mobile,ended,7.0,,,150.0
2300,565761,385008,yes,connect,ended,1.0,,,690.0
2302,563114,370416,no,connect,ended,0.0,,,0.0
2304,559282,314456,yes,connect,ended,-106.0,566613.0,60.0,60.0
2306,566857,279966,no,mobile,ended,51.0,,,90.0
2308,551522,396034,no,connect,ended,0.0,,,330.0
2310,527387,368604,no,connect,ended,-68.0,559396.0,690.0,660.0
2312,568349,411523,no,mobile,ended,-4.0,,,600.0
2314,566181,366164,yes,connect,ended,-24.0,570155.0,30.0,450.0
2316,544337,311923,yes,connect,ended,21.0,563869.0,510.0,600.0
2318,563280,402392,no,mobile,ended,0.0,,,60.0
2320,564813,405433,no,mobile,ended,147.0,,,120.0
2322,554462,275810,no,mobile,ended,535.0,,,600.0
2324,564123,347042,no,connect,ended,78.0,,,600.0
2326,565495,263232,no,mobile,ended,6.0,,,240.0
2328,566489,312603,yes,connect,ended,31.0,,,0.0
2330,542633,317024,no,mobile,ended,-27.0,,,570.0
2332,553825,335276,no,connect,ended,-18.0,552800.0,150.0,0.0
2334,553823,400591,no,mobile,ended,6.0,,,0.0
2336,552524,173061,no,connect,ended,-22.0,,,720.0
2338,558523,412226,no,mobile,ended,0.0,,,480.0
2340,557201,362339,no,connect,ended,-390.0,,,30.0
2342,564126,310636,yes,connect,ended,-77.0,,,60.0
2344,554123,337311,no,mobile,ended,14.0,,,90.0
2346,562708,391370,yes,connect,ended,41.0,,,0.0
2348,562514,272430,no,connect,ended,-25.0,562848.0,0.0,360.0
2350,543942,365926,yes,connect,ended,37.0,,,570.0
2352,566331,328506,no,mobile,ended,-97.0,,,480.0
2354,569446,338969,yes,connect,ended,-143.0,,,60.0
2356,565984,385523,yes,connect,ended,124.0,,,690.0
2358,571451,338940,no,mobile,ended,0.0,,,150.0
2360,571018,371625,no,mobile,ended,25.0,549891.0,150.0,180.0
2362,552212,343339,no,mobile,ended,14.0,,,420.0
2364,552365,404130,no,connect,ended,12.0,553206.0,480.0,60.0
2366,562141,412909,no,mobile,ended,68.0,,,540.0
2368,554060,250644,no,mobile,ended,36.0,,,300.0
2370,559071,320481,no,mobile,ended,-61.0,,,150.0
2372,552161,338969,no,connect,ended,-3.0,,,660.0
2374,557068,353425,yes,connect,ended,30.0,,,0.0
2376,558533,383485,no,mobile,ended,64.0,,,720.0
2378,556092,390318,no,mobile,ended,122.0,,,690.0
2380,544959,174243,no,mobile,ended,-305.0,,,60.0
2382,557338,409718,no,mobile,ended,2.0,,,570.0
2384,552192,398152,no,connect,ended,153.0,,,690.0
2386,563752,337768,no,mobile,ended,0.0,,,690.0
2388,567954,380662,no,mobile,ended,77.0,,,30.0
2390,562206,324889,no,mobile,ended,-90.0,,,720.0
2392,560465,338243,yes,connect,ended,-50.0,,,720.0
2394,563552,241021,no,connect,ended,25.0,567278.0,60.0,60.0
2396,565577,274949,no,mobile,ended,-259.0,,,210.0
2398,567694,349618,no,mobile,ended,-17.0,,,210.0
2400,563757,225486,yes,connect,ended,7.0,,,0.0
2402,561518,310901,no,mobile,ended,0.0,,,180.0
2404,538643,352436,no,mobile,ended,13.0,,,60.0
2406,534198,332564,no,mobile,ended,-67.0,,,90.0
2408,559396,368604,no,connect,ended,-29.0,546242.0,90.0,690.0
2410,515799,392368,no,connect,ended,-151.0,538120.0,510.0,600.0
2412,562864,401649,yes,connect,ended,-147.0,,,0.0
2414,543251,409296,no,mobile,ended,-18.0,,,0.0
2416,534820,373893,no,connect,ended,-576.0,,,150.0
2418,562313,377591,no,connect,ended,-362.0,,,60.0
2420,549063,305525,yes,connect,ended,-35.0,,,150.0
2422,550400,314220,no,mobile,ended,10.0,,,150.0
2424,561694,245154,yes,connect,ended,-47.0,,,420.0
2426,561602,359485,yes,connect,ended,8.0,,,210.0
2428,560843,318371,no,mobile,ended,44.0,,,0.0
2430,558115,344254,yes,connect,ended,6.0,,,690.0
2432,556448,285452,yes,connect,ended,14.0,556131.0,30.0,720.0
2434,554234,396712,no,mobile,ended,26.0,,,420.0
2436,559214,391125,no,mobile,ended,79.0,,,120.0
2438,556456,411754,no,connect,ended,97.0,,,660.0
2440,566968,366872,no,connect,ended,-31.0,,,690.0
2442,564914,312078,yes,connect,ended,-542.0,,,0.0
2444,559387,216576,yes,connect,ended,-4.0,,,240.0
2446,562874,349171,yes,connect,ended,13.0,561815.0,600.0,420.0
2448,561423,272724,no,mobile,ended,0.0,,,240.0
2450,563145,410214,no,mobile,ended,28.0,,,180.0
2452,563821,409274,no,mobile,ended,-8.0,,,30.0
2454,561890,412210,no,mobile,ended,249.0,,,240.0
2456,564385,389565,yes,connect,ended,22.0,,,60.0
2458,564604,333753,no,mobile,ended,97.0,,,660.0
2460,562788,396266,no,mobile,ended,121.0,,,510.0
2462,548193,381787,yes,connect,ended,158.0,,,210.0
2464,562673,192603,no,mobile,ended,415.0,,,420.0
2466,553157,392683,yes,connect,ended,-18.0,,,240.0
2468,567392,383625,no,connect,ended,15.0,,,0.0
2470,562479,394043,no,mobile,ended,127.0,,,180.0
2472,565397,389565,yes,connect,ended,-1.0,563832.0,660.0,0.0
2474,563458,371159,yes,connect,ended,-24.0,,,60.0
2476,563099,403558,no,mobile,ended,0.0,,,120.0
2478,560844,359641,no,mobile,ended,72.0,,,240.0
2480,554676,353274,no,mobile,ended,-8.0,,,0.0
2482,561125,195977,no,connect,ended,-110.0,565777.0,30.0,660.0
2484,566099,330318,no,mobile,ended,123.0,,,120.0
2486,565754,412916,no,mobile,ended,-22.0,,,60.0
2488,571453,319886,yes,connect,ended,-14.0,,,660.0
2490,537243,365926,yes,connect,ended,242.0,,,360.0
2492,529169,378072,no,connect,ended,1.0,,,720.0
2494,567467,290600,yes,connect,ended,6.0,,,0.0
2496,563130,395228,no,mobile,ended,-19.0,,,0.0
2498,562806,410702,no,mobile,ended,16.0,,,150.0
2500,564217,230675,no,mobile,ended,44.0,,,690.0
2502,574151,241021,no,connect,ended,3.0,572285.0,720.0,0.0
2504,530691,301068,no,mobile,ended,8.0,,,0.0
2506,571574,373802,no,mobile,ended,-44.0,,,30.0
2508,537171,408267,no,mobile,ended,17.0,,,30.0
2510,554952,290726,yes,connect,ended,-65.0,561666.0,480.0,480.0
2512,566039,414878,no,mobile,ended,8.0,,,300.0
2514,557068,353425,yes,connect,ended,30.0,,,0.0
2516,565109,312603,yes,connect,ended,-956.0,566489.0,0.0,60.0
2518,551401,265239,no,connect,ended,-2938.0,,,270.0
2520,567346,248926,no,mobile,ended,-4.0,,,60.0
2522,572793,397599,no,mobile,ended,206.0,,,660.0
2524,537244,403153,no,mobile,ended,-17.0,,,660.0
2526,544326,348294,yes,connect,ended,-62.0,,,720.0
2528,545068,374684,no,mobile,ended,-31.0,,,720.0
2530,506069,192409,no,mobile,ended,159.0,,,270.0
2532,534205,289570,no,mobile,ended,-14.0,,,30.0
2534,542867,242437,no,mobile,ended,-14.0,,,0.0
2536,556565,392479,no,mobile,ended,-28.0,,,360.0
2538,537405,390467,no,connect,ended,95.0,,,0.0
2540,551169,405005,no,connect,ended,58.0,544486.0,0.0,720.0
2542,535195,365961,no,mobile,ended,-825.0,,,210.0
2544,537496,342154,yes,connect,ended,47.0,,,240.0
2546,542942,358082,no,connect,ended,-106.0,,,120.0
2548,546021,387753,no,connect,ended,-5.0,,,720.0
2550,536671,386880,no,mobile,ended,-12.0,,,330.0
2552,549907,371387,no,mobile,ended,4.0,,,60.0
2554,560801,368432,no,mobile,ended,3.0,,,0.0
2556,547755,411521,no,mobile,ended,62.0,,,210.0
2558,548698,381708,yes,connect,ended,13.0,,,60.0
2560,550998,376491,no,connect,ended,-56.0,,,540.0
2562,546597,359045,no,connect,ended,-69.0,,,30.0
2564,550875,264870,no,mobile,ended,-129.0,,,150.0
2566,549512,251447,no,connect,ended,-165.0,548048.0,0.0,630.0
2568,528643,304392,no,connect,ended,13.0,,,120.0
2570,548050,300505,no,connect,ended,-538.0,541486.0,0.0,90.0
2572,545384,336522,no,mobile,ended,31.0,,,420.0
2574,545485,409227,no,mobile,ended,51.0,,,300.0
2576,542106,392656,no,mobile,ended,0.0,,,450.0
2578,549756,321676,no,mobile,ended,3.0,,,30.0
2580,547238,349678,yes,connect,ended,-652.0,,,180.0
2582,546447,395266,no,mobile,ended,-22.0,,,150.0
2584,548225,359800,no,mobile,ended,184.0,,,60.0
2586,549401,228703,no,connect,ended,-5.0,,,30.0
2588,537514,374684,no,mobile,ended,20.0,,,660.0
2590,533896,310444,yes,connect,ended,265.0,,,210.0
2592,555971,413083,no,mobile,ended,-30.0,,,510.0
2594,561304,176220,yes,connect,ended,-75.0,,,330.0
2596,518025,384942,no,mobile,ended,132.0,,,720.0
2598,539104,229411,no,mobile,ended,-29.0,,,270.0
2600,549939,299063,no,connect,ended,-112.0,,,150.0
2602,550704,373864,no,connect,ended,-2.0,,,120.0
2604,550102,366371,no,connect,ended,-37.0,,,30.0
2606,545980,396009,no,connect,ended,1.0,549819.0,60.0,480.0
2608,543629,385128,no,mobile,ended,72.0,,,30.0
2610,542394,357860,no,connect,ended,-9.0,,,570.0
2612,537097,389147,no,mobile,ended,-722.0,,,210.0
2614,539938,374486,no,mobile,ended,144.0,,,180.0
2616,540040,381123,no,mobile,ended,89.0,,,120.0
2618,539422,356673,no,mobile,ended,92.0,,,0.0
2620,550224,358567,no,connect,ended,-7.0,,,720.0
2622,560879,376311,yes,connect,ended,21.0,563536.0,300.0,600.0
2624,565648,406388,no,mobile,ended,-179.0,,,600.0
2626,548202,371572,no,connect,ended,29.0,,,390.0
2628,543980,334190,no,connect,ended,-42.0,,,0.0
2630,539618,297119,no,mobile,ended,101.0,538807.0,30.0,120.0
2632,542797,275062,no,connect,ended,-73.0,,,690.0
2634,544679,339215,no,mobile,ended,51.0,,,0.0
2636,546533,392368,yes,connect,ended,-276.0,,,30.0
2638,544336,408506,no,mobile,ended,-16.0,,,720.0
2640,542010,241021,no,connect,ended,-13.0,,,60.0
2642,568490,276218,no,mobile,ended,105.0,,,120.0
2644,541049,385523,yes,connect,ended,82.0,,,150.0
2646,557231,397728,no,mobile,ended,64.0,,,570.0
2648,549703,408267,no,mobile,ended,-51.0,,,60.0
2650,547273,312078,yes,connect,ended,32.0,,,60.0
2652,538630,298117,yes,connect,ended,2.0,,,150.0
2654,547277,353425,no,connect,ended,-42.0,,,210.0
2656,537439,305525,no,connect,ended,-181.0,531276.0,660.0,720.0
2658,532833,223615,no,mobile,ended,22.0,,,0.0
2660,535647,317572,yes,connect,ended,-89.0,533793.0,0.0,660.0
2662,537304,402078,no,mobile,ended,-5.0,,,240.0
2664,542300,307595,no,mobile,ended,0.0,539897.0,30.0,480.0
2666,529134,384193,no,connect,ended,22.0,,,0.0
2668,551678,365926,yes,connect,ended,-202.0,,,570.0
2670,549248,345080,no,connect,ended,0.0,,,570.0
2672,547969,334190,yes,connect,ended,-52.0,,,270.0
2674,544328,380480,no,mobile,ended,20.0,,,690.0
2676,555708,368604,no,connect,ended,-95.0,,,540.0
2678,541826,404130,yes,connect,ended,97.0,543513.0,30.0,90.0
2680,559873,341630,no,mobile,ended,79.0,558883.0,240.0,480.0
2682,566587,264513,no,mobile,ended,39.0,,,120.0
2684,571324,366164,yes,connect,ended,-294.0,566181.0,450.0,120.0
2686,560812,414801,no,mobile,ended,0.0,,,510.0
2688,574571,341861,yes,connect,ended,-54.0,,,540.0
2690,570241,367632,yes,connect,ended,-244.0,,,180.0
2692,571546,381435,no,mobile,ended,23.0,,,60.0
2694,550197,398247,no,mobile,ended,-3.0,,,630.0
2696,549505,412295,no,mobile,ended,46.0,,,30.0
2698,567177,225795,yes,connect,ended,-422.0,,,0.0
2700,551334,377591,no,connect,ended,32.0,,,420.0
2702,551688,358480,no,mobile,ended,541.0,,,450.0
2704,531664,276222,no,mobile,ended,4.0,,,120.0
2706,553429,393083,no,mobile,ended,72.0,,,390.0
2708,547316,350456,no,mobile,ended,16.0,,,540.0
2710,556984,402767,no,mobile,ended,38.0,,,660.0
2712,545294,382884,no,mobile,ended,-117.0,,,660.0
2714,552721,382323,no,mobile,ended,-93.0,,,240.0
2716,538281,356203,no,mobile,ended,12.0,,,150.0
2718,546357,270091,no,mobile,ended,-4.0,,,60.0
2720,523194,216576,no,connect,ended,-163.0,548778.0,120.0,630.0
2722,541998,262344,no,connect,ended,-147.0,,,210.0
2724,546060,342719,no,mobile,ended,59.0,,,60.0
2726,545345,310219,no,connect,ended,-55.0,,,120.0
2728,546439,397569,no,connect,ended,-95.0,,,60.0
2730,545344,377119,no,mobile,ended,-8.0,,,30.0
2732,541885,387614,no,mobile,ended,38.0,,,300.0
2734,540077,265664,yes,connect,ended,-20.0,,,690.0
2736,547177,214635,yes,connect,ended,-548.0,,,0.0
2738,545768,335276,yes,connect,ended,-27.0,,,0.0
2740,546472,303652,no,mobile,ended,310.0,,,390.0
2742,548000,350705,no,mobile,ended,4.0,,,90.0
2744,549196,344576,no,mobile,ended,-32.0,,,120.0
2746,546350,387223,no,mobile,ended,-12.0,,,30.0
2748,523875,305876,no,mobile,ended,0.0,,,0.0
2750,559401,350873,no,connect,ended,-84.0,,,240.0
2752,548701,411846,no,mobile,ended,0.0,,,180.0
2754,544486,405005,no,connect,ended,10.0,,,0.0
2756,533303,336902,no,mobile,ended,-340.0,,,600.0
2758,513941,388206,no,mobile,ended,64.0,,,570.0
2760,543278,356758,no,mobile,ended,-46.0,,,540.0
2762,559060,248889,no,connect,ended,-50.0,,,720.0
2764,552180,401088,no,mobile,ended,13.0,,,60.0
2766,557974,364411,no,mobile,ended,596.0,,,600.0
2768,553278,369845,no,mobile,ended,-32.0,,,630.0
2770,531363,362255,no,mobile,ended,-37.0,,,660.0
2772,550502,364160,no,connect,ended,-79.0,,,120.0
2774,559594,291932,yes,connect,ended,-408.0,556581.0,150.0,60.0
2776,557193,222819,no,mobile,ended,-35.0,,,660.0
2778,556469,401869,yes,connect,ended,231.0,,,510.0
2780,556725,362187,yes,connect,ended,-633.0,554183.0,210.0,240.0
2782,562535,409750,no,mobile,ended,-42.0,,,660.0
2784,565280,398586,yes,connect,ended,-137.0,,,600.0
2786,562153,377594,no,mobile,ended,50.0,,,180.0
2788,564926,385629,yes,connect,ended,-484.0,,,180.0
2790,562653,341037,no,connect,ended,158.0,,,510.0
2792,567764,414230,no,mobile,ended,-33.0,566395.0,120.0,720.0
2794,567477,362507,no,connect,ended,0.0,,,720.0
2796,550290,410887,no,mobile,ended,17.0,,,300.0
2798,557408,407865,no,mobile,ended,7.0,,,360.0
2800,553964,381012,no,mobile,ended,-707.0,547734.0,720.0,0.0
2802,552359,304775,yes,connect,ended,-118.0,,,240.0
2804,563536,376311,yes,connect,ended,-255.0,,,300.0
2806,560643,402078,no,mobile,ended,20.0,,,150.0
2808,561739,343003,no,mobile,ended,0.0,,,660.0
2810,562932,412869,no,mobile,ended,105.0,,,90.0
2812,563613,367632,yes,connect,ended,11.0,,,720.0
2814,558049,175887,yes,connect,ended,32.0,,,720.0
2816,544853,392368,yes,connect,ended,-14.0,,,90.0
2818,515060,364199,no,mobile,ended,452.0,,,60.0
2820,554124,392847,no,connect,ended,-9.0,,,0.0
2822,549248,345080,no,connect,ended,0.0,,,570.0
2824,537821,400293,no,mobile,ended,-55.0,,,0.0
2826,555581,351258,no,mobile,ended,250.0,,,270.0
2828,551168,388795,no,mobile,ended,-31.0,,,90.0
2830,553955,387976,no,mobile,ended,885.0,,,720.0
2832,555752,301301,yes,connect,ended,119.0,,,180.0
2834,563792,295830,yes,connect,ended,0.0,,,720.0
2836,547231,374746,no,mobile,ended,-1.0,,,0.0
2838,559887,406161,no,mobile,ended,5.0,,,0.0
2840,534854,383144,no,connect,ended,-44.0,,,120.0
2842,536255,406902,no,mobile,ended,74.0,,,30.0
2844,550547,384193,no,connect,ended,-62.0,,,0.0
2846,527333,359864,no,mobile,ended,15.0,,,60.0
2848,541715,208090,no,mobile,ended,-20.0,,,30.0
2850,542592,385131,no,connect,ended,-428.0,535537.0,120.0,180.0
2852,539674,344254,no,connect,ended,125.0,541533.0,60.0,180.0
2854,542341,402679,no,mobile,ended,0.0,,,0.0
2856,535365,407865,no,mobile,ended,20.0,,,30.0
2858,526456,258737,no,mobile,ended,-131.0,,,600.0
2860,549808,310219,no,connect,ended,54.0,,,480.0
2862,560217,364160,no,mobile,ended,18.0,,,30.0
2864,566035,329718,no,mobile,ended,-17.0,,,120.0
2866,553385,358772,no,connect,ended,-71.0,543328.0,120.0,60.0
2868,548718,399575,no,connect,ended,73.0,558387.0,630.0,720.0
2870,556469,401869,yes,connect,ended,231.0,,,510.0
2872,554384,384983,no,mobile,ended,69.0,,,60.0
2874,556871,412141,no,mobile,ended,0.0,,,600.0
2876,556228,395385,no,mobile,ended,1.0,,,690.0
2878,558352,382302,yes,connect,ended,-10.0,554807.0,60.0,660.0
2880,561956,381754,no,mobile,ended,-151.0,,,120.0
2882,555811,368506,no,mobile,ended,62.0,,,600.0
2884,560650,317683,no,mobile,ended,46.0,,,30.0
2886,563616,383443,yes,connect,ended,-42.0,,,540.0
2888,555526,380479,no,mobile,ended,52.0,,,570.0
2890,527111,352528,no,connect,ended,100.0,,,600.0
2892,557920,282433,no,mobile,ended,7.0,,,210.0
2894,563920,412104,no,mobile,ended,92.0,,,120.0
2896,564691,361789,no,mobile,ended,-97.0,560638.0,690.0,600.0
2898,559547,409523,no,mobile,ended,0.0,,,0.0
2900,566437,374809,no,connect,ended,2.0,,,90.0
2902,565423,387980,no,mobile,ended,93.0,,,270.0
2904,559473,351468,no,mobile,ended,62.0,,,90.0
2906,563877,403149,no,mobile,ended,79.0,,,150.0
2908,563199,379092,no,mobile,ended,4.0,,,330.0
2910,561111,337217,no,mobile,ended,10.0,,,660.0
2912,529051,381787,no,connect,ended,-272.0,,,60.0
2914,564212,414757,no,mobile,ended,-164.0,,,60.0
2916,560375,335276,yes,connect,ended,140.0,,,600.0
2918,567682,374360,yes,connect,ended,172.0,,,60.0
2920,575013,293910,no,mobile,ended,-15.0,563147.0,630.0,600.0
2922,568249,380019,no,mobile,ended,-8.0,,,120.0
2924,566110,297832,no,mobile,ended,-1102.0,,,0.0
2926,565020,341881,no,connect,ended,-123.0,563188.0,240.0,630.0
2928,545645,347208,yes,connect,ended,-147.0,,,0.0
2930,547665,365148,no,mobile,ended,55.0,,,60.0
2932,536523,374626,no,mobile,ended,68.0,,,720.0
2934,552732,373927,no,mobile,ended,186.0,,,420.0
2936,564510,367632,yes,connect,ended,-579.0,563613.0,720.0,420.0
2938,549759,334190,yes,connect,ended,142.0,,,0.0
2940,572914,368432,no,mobile,ended,-11.0,,,690.0
2942,565219,174243,no,mobile,ended,10.0,,,120.0
2944,570526,331673,no,mobile,ended,23.0,,,210.0
2946,562635,392055,no,mobile,ended,-22.0,,,300.0
2948,536164,350904,no,mobile,ended,-76.0,,,480.0
2950,566227,390467,yes,connect,ended,-17.0,,,630.0
2952,548950,342699,no,connect,ended,98.0,546290.0,30.0,60.0
2954,540803,380001,no,mobile,ended,51.0,,,120.0
2956,550185,386259,no,connect,ended,15.0,547975.0,180.0,420.0
2958,529301,320824,no,connect,ended,-308.0,551094.0,540.0,720.0
2960,546489,352528,no,connect,ended,-533.0,546578.0,570.0,270.0
2962,548975,412114,no,mobile,ended,-7.0,,,60.0
2964,549859,394305,no,mobile,ended,8.0,,,150.0
2966,553151,401387,no,mobile,ended,-1.0,,,60.0
2968,527035,398697,no,mobile,ended,23.0,,,210.0
2970,552583,401475,yes,connect,ended,11.0,,,420.0
2972,550687,366164,no,connect,ended,-139.0,,,180.0
2974,561666,290726,yes,connect,ended,-1.0,,,480.0
2976,552415,388895,no,mobile,ended,-91.0,,,720.0
2978,549892,316678,no,connect,ended,23.0,,,240.0
2980,546275,394656,no,connect,ended,-663.0,,,540.0
2982,557032,404791,no,mobile,ended,8.0,,,60.0
2984,548087,403749,no,mobile,ended,0.0,,,540.0
2986,544811,398586,no,connect,ended,50.0,,,30.0
2988,553742,383499,no,mobile,ended,-23.0,,,420.0
2990,556375,406161,no,mobile,ended,9.0,,,480.0
2992,548564,298516,no,connect,ended,-26.0,,,150.0
2994,539919,343003,no,mobile,ended,0.0,,,60.0
2996,558491,407607,yes,connect,ended,25.0,,,720.0
2998,551728,409197,no,mobile,ended,-56.0,,,720.0
3000,532556,380833,no,mobile,ended,62.0,,,90.0
3002,562254,376901,yes,connect,ended,-6.0,,,30.0
3004,565247,406625,yes,connect,ended,0.0,561277.0,0.0,210.0
3006,555206,338571,no,mobile,ended,42.0,,,90.0
3008,528920,392805,no,mobile,ended,83.0,,,90.0
3010,532361,389451,no,mobile,ended,4.0,,,630.0
3012,539939,394217,no,mobile,ended,75.0,,,420.0
3014,546026,401649,no,connect,ended,2.0,,,30.0
3016,561162,295783,yes,connect,ended,74.0,,,600.0
3018,565046,409523,no,mobile,ended,0.0,559547.0,0.0,630.0
3020,566621,227042,no,mobile,ended,52.0,,,600.0
3022,566711,344254,yes,connect,ended,37.0,,,60.0
3024,564703,385629,yes,connect,ended,-28.0,564926.0,180.0,0.0
3026,563129,393723,no,connect,ended,-72.0,,,0.0
3028,571310,298117,yes,connect,ended,56.0,,,600.0
3030,539540,396009,no,connect,ended,-47.0,,,60.0
3032,536691,305733,no,mobile,ended,84.0,,,60.0
3034,535537,385131,no,connect,ended,-102.0,,,120.0
3036,541891,348178,no,mobile,ended,-12.0,,,90.0
3038,546955,398802,no,mobile,ended,25.0,543655.0,360.0,720.0
3040,540001,408983,no,mobile,ended,675.0,,,690.0
3042,538485,392718,no,mobile,ended,0.0,,,660.0
3044,565493,216576,yes,connect,ended,57.0,,,300.0
3046,571936,248926,no,mobile,ended,4.0,567346.0,60.0,690.0
3048,571038,341861,yes,connect,ended,-152.0,574571.0,540.0,60.0
3050,538723,273577,no,mobile,ended,-33.0,,,210.0
3052,558854,407865,no,mobile,ended,45.0,557408.0,360.0,690.0
3054,565100,374741,yes,connect,ended,-71.0,566177.0,0.0,0.0
3056,565840,392479,no,mobile,ended,-94.0,569171.0,240.0,660.0
3058,537825,392368,yes,connect,ended,5.0,,,690.0
3060,536579,399431,no,mobile,ended,64.0,,,210.0
3062,521297,340699,no,mobile,ended,-53.0,,,60.0
3064,535821,381583,no,mobile,ended,-10.0,,,60.0
3066,539399,409636,no,mobile,ended,93.0,,,720.0
3068,557397,359998,no,mobile,ended,-333.0,,,60.0
3070,543882,385423,no,mobile,ended,14.0,,,90.0
3072,526927,404791,no,mobile,ended,44.0,,,720.0
3074,541311,383443,no,connect,ended,-802.0,,,120.0
3076,540032,223204,no,mobile,ended,0.0,,,360.0
3078,548559,352039,yes,connect,ended,19.0,,,720.0
3080,532682,300505,no,connect,ended,-41.0,,,90.0
3082,548865,370907,no,mobile,ended,25.0,,,720.0
3084,546290,342699,no,connect,ended,-36.0,,,30.0
3086,549086,399575,no,connect,ended,-58.0,,,180.0
3088,547423,368354,no,mobile,ended,53.0,,,90.0
3090,554028,381583,no,mobile,ended,100.0,,,150.0
3092,554807,382302,no,connect,ended,-138.0,,,60.0
3094,552015,318911,no,mobile,ended,26.0,,,330.0
3096,562925,273577,no,mobile,ended,29.0,,,720.0
3098,560890,334190,yes,connect,ended,-19.0,,,120.0
3100,547182,331900,no,mobile,ended,4.0,,,120.0
3102,539837,325139,no,mobile,ended,62.0,536246.0,510.0,270.0
3104,540896,330013,no,mobile,ended,-173.0,,,540.0
3106,542566,295860,no,mobile,ended,316.0,,,300.0
3108,558480,381787,yes,connect,ended,-15.0,548193.0,210.0,0.0
3110,558780,357530,no,connect,ended,-7.0,,,120.0
3112,557353,218964,no,mobile,ended,324.0,,,630.0
3114,557052,362507,no,connect,ended,-29.0,,,60.0
3116,559138,376601,no,mobile,ended,33.0,,,60.0
3118,564099,397466,no,mobile,ended,0.0,,,60.0
3120,563347,376677,yes,connect,ended,-212.0,,,600.0
3122,546762,392805,no,mobile,ended,1.0,,,0.0
3124,552187,268787,no,mobile,ended,8.0,,,0.0
3126,558076,255576,no,connect,ended,-22.0,,,660.0
3128,557343,372809,no,connect,ended,104.0,,,690.0
3130,537960,390927,no,connect,ended,31.0,,,660.0
3132,560790,173061,no,connect,ended,0.0,559663.0,90.0,690.0
3134,567616,236059,no,mobile,ended,59.0,,,90.0
3136,555354,293910,no,mobile,ended,-713.0,,,510.0
3138,561903,310553,yes,connect,ended,-7.0,,,0.0
3140,518660,339371,no,mobile,ended,32.0,,,90.0
3142,543851,304068,no,mobile,ended,12.0,,,60.0
3144,553125,392479,no,mobile,ended,88.0,,,240.0
3146,547655,375834,no,mobile,ended,89.0,548169.0,0.0,120.0
3148,544832,386722,no,mobile,ended,53.0,,,210.0
3150,547969,334190,yes,connect,ended,-52.0,,,270.0
3152,557055,410939,yes,connect,ended,-20.0,,,0.0
3154,551963,318371,no,mobile,ended,62.0,,,330.0
3156,546263,221830,no,mobile,ended,-21.0,,,600.0
3158,558504,195467,no,mobile,ended,0.0,554248.0,450.0,720.0
3160,557661,338243,no,connect,ended,-626.0,,,180.0
3162,542037,324640,no,mobile,ended,188.0,,,240.0
3164,560091,413896,no,mobile,ended,527.0,,,0.0
3166,560823,285452,yes,connect,ended,-37.0,,,660.0
3168,558473,405611,no,mobile,ended,-203.0,,,120.0
3170,560501,386086,no,mobile,ended,15.0,,,0.0
3172,565338,363133,yes,connect,ended,-35.0,,,120.0
3174,533701,340064,no,mobile,ended,-121.0,,,600.0
3176,556605,187740,no,mobile,ended,-15.0,,,0.0
3178,553934,413139,no,mobile,ended,-61.0,,,120.0
3180,552177,298117,no,connect,ended,147.0,,,360.0
3182,540139,289112,no,connect,ended,-17.0,,,690.0
3184,551402,385721,no,connect,ended,94.0,,,600.0
3186,558507,386322,no,mobile,ended,-89.0,,,660.0
3188,542471,366981,yes,connect,ended,-98.0,,,630.0
3190,557553,412528,no,mobile,ended,50.0,,,270.0
3192,553100,412093,no,mobile,ended,67.0,557175.0,120.0,0.0
3194,556448,285452,yes,connect,ended,14.0,556131.0,30.0,720.0
3196,555952,363386,no,mobile,ended,-8.0,555902.0,300.0,120.0
3198,552371,401475,yes,connect,ended,47.0,,,600.0
3200,559632,308181,no,connect,ended,33.0,,,90.0
3202,560197,376652,no,mobile,ended,-7.0,556960.0,420.0,0.0
3204,565711,367627,no,mobile,ended,-86.0,561444.0,540.0,600.0
3206,556895,406902,no,mobile,ended,111.0,,,660.0
3208,540776,366866,no,mobile,ended,6.0,,,120.0
3210,531518,391618,no,connect,ended,3.0,,,60.0
3212,545276,348526,yes,connect,ended,-19.0,,,510.0
3214,567693,363761,no,mobile,ended,114.0,,,720.0
3216,541079,356106,no,connect,ended,-24.0,531984.0,120.0,60.0
3218,542241,390467,yes,connect,ended,-16.0,537405.0,0.0,690.0
3220,544632,195888,no,mobile,ended,34.0,,,690.0
3222,537812,408844,no,mobile,ended,-1.0,,,600.0
3224,540617,389785,no,connect,ended,-884.0,,,180.0
3226,548903,360981,no,mobile,ended,221.0,549631.0,30.0,60.0
3228,543333,409197,no,mobile,ended,3.0,,,240.0
3230,551565,356673,no,mobile,ended,176.0,548460.0,60.0,180.0
3232,544722,366981,yes,connect,ended,-822.0,,,420.0
3234,548193,381787,yes,connect,ended,158.0,,,210.0
3236,552738,381183,no,mobile,ended,165.0,,,60.0
3238,562526,381183,no,mobile,ended,-206.0,,,0.0
3240,560263,348485,yes,connect,ended,13.0,,,360.0
3242,564323,390479,no,mobile,ended,-22.0,,,0.0
3244,556474,371632,yes,connect,ended,118.0,,,540.0
3246,565228,415572,no,mobile,ended,4258.0,,,240.0
3248,561247,413351,no,mobile,ended,2.0,,,0.0
3250,557093,351162,yes,connect,ended,-37.0,,,60.0
3252,560539,212965,yes,connect,ended,-6.0,,,420.0
3254,552810,407315,no,mobile,ended,45.0,,,120.0
3256,565660,403054,no,mobile,ended,2.0,,,480.0
3258,559220,272430,no,connect,ended,-746.0,,,570.0
3260,563188,341881,no,connect,ended,-38.0,,,240.0
3262,563668,370055,no,connect,ended,24.0,,,660.0
3264,569171,392479,no,mobile,ended,-59.0,,,240.0
3266,565353,392718,no,mobile,ended,-47.0,,,330.0
3268,543354,310553,no,connect,ended,-71.0,,,720.0
3270,557540,375047,no,connect,ended,-69.0,552358.0,630.0,240.0
3272,540134,314456,no,connect,ended,62.0,543910.0,60.0,210.0
3274,538875,334190,yes,connect,ended,-875.0,543805.0,0.0,120.0
3276,545715,405005,no,connect,ended,47.0,,,240.0
3278,573462,160062,no,mobile,ended,-88.0,,,540.0
3280,545833,390590,yes,connect,ended,46.0,,,210.0
3282,566456,381857,yes,connect,ended,-15.0,565199.0,90.0,390.0
3284,563988,339138,yes,connect,ended,-5.0,,,0.0
3286,561893,400181,no,mobile,ended,52.0,,,720.0
3288,565126,415726,no,mobile,ended,4.0,,,270.0
3290,568169,317572,yes,connect,ended,-76.0,,,120.0
3292,564542,397217,yes,connect,ended,-97.0,,,0.0
3294,565921,216701,no,mobile,ended,39.0,,,210.0
3296,560343,405005,no,connect,ended,-46.0,,,210.0
3298,562174,381499,yes,connect,ended,73.0,,,0.0
3300,557980,379462,no,mobile,ended,1.0,,,120.0
3302,549891,371625,no,mobile,ended,-14.0,,,150.0
3304,572986,413896,no,mobile,ended,63.0,,,60.0
3306,568753,371632,yes,connect,ended,-18.0,,,480.0
3308,569360,311943,no,mobile,ended,87.0,,,570.0
3310,560535,403871,no,mobile,ended,133.0,,,450.0
3312,553865,346952,no,mobile,ended,45.0,,,30.0
3314,555668,398733,no,mobile,ended,17.0,,,0.0
3316,547290,382060,no,mobile,ended,0.0,,,120.0
3318,553320,400886,no,mobile,ended,-1414.0,,,450.0
3320,550343,396435,no,connect,ended,44.0,,,420.0
3322,552427,248300,yes,connect,ended,-157.0,,,0.0
3324,554230,326708,no,mobile,ended,15.0,,,180.0
3326,558883,341630,no,mobile,ended,-3.0,,,240.0
3328,558338,381857,yes,connect,ended,-71.0,,,120.0
3330,553244,275364,yes,connect,ended,-880.0,,,90.0
3332,559148,194356,no,mobile,ended,617.0,,,510.0
3334,549796,371572,yes,connect,ended,-96.0,543535.0,60.0,0.0
3336,554183,362187,no,connect,ended,-426.0,556500.0,180.0,210.0
3338,527165,298466,no,mobile,ended,-892.0,,,150.0
3340,574639,382302,yes,connect,ended,6.0,,,660.0
3342,560375,335276,yes,connect,ended,140.0,,,600.0
3344,569963,383344,yes,connect,ended,61.0,,,360.0
3346,572521,347208,yes,connect,ended,-875.0,571139.0,180.0,0.0
3348,573913,356106,yes,connect,ended,156.0,,,390.0
3350,565967,351549,no,connect,ended,12.0,,,510.0
3352,563040,351660,yes,connect,ended,41.0,,,0.0
3354,563040,351660,yes,connect,ended,41.0,,,0.0
3356,568035,402153,no,mobile,ended,47.0,,,720.0
3358,565511,381481,no,mobile,ended,0.0,,,510.0
3360,566615,411578,no,mobile,ended,-137.0,,,420.0
3362,570644,374360,yes,connect,ended,18.0,567682.0,60.0,0.0
3364,570367,338647,no,mobile,ended,74.0,,,630.0
3366,539310,368391,no,mobile,ended,30.0,,,30.0
3368,559824,336935,yes,connect,ended,14.0,,,630.0
3370,554767,410521,no,mobile,ended,111.0,,,180.0
3372,572385,378003,yes,connect,ended,153.0,,,90.0
3374,563946,385628,yes,connect,ended,-146.0,,,630.0
3376,563004,275364,yes,connect,ended,-72.0,567827.0,0.0,0.0
3378,528782,370513,no,mobile,ended,3.0,,,30.0
3380,555979,337219,yes,connect,ended,-111.0,,,660.0
3382,506459,361055,no,mobile,ended,-28.0,,,510.0
3384,551649,280227,no,connect,ended,34.0,,,90.0
3386,555908,374741,yes,connect,ended,-75.0,,,180.0
3388,549765,245154,yes,connect,ended,11.0,,,630.0
3390,560395,316817,no,mobile,ended,-51.0,,,690.0
3392,573893,335276,yes,connect,ended,-19.0,,,180.0
3394,568070,404953,no,mobile,ended,78.0,,,90.0
3396,567028,293523,no,mobile,ended,-84.0,,,720.0
3398,574540,403962,no,connect,ended,153.0,,,90.0
3400,574325,350149,no,mobile,ended,169.0,,,600.0
3402,574480,173061,no,connect,ended,-374.0,,,240.0
3404,557740,311664,no,connect,ended,86.0,,,570.0
3406,558647,407055,no,connect,ended,-60.0,,,270.0
3408,564529,230201,yes,connect,ended,24.0,,,0.0
3410,567827,275364,yes,connect,ended,-6.0,,,0.0
3412,555548,412139,no,mobile,ended,31.0,,,90.0
3414,564523,355805,no,mobile,ended,51.0,,,30.0
3416,559683,248926,no,mobile,ended,19.0,,,150.0
3418,559336,406124,yes,connect,ended,0.0,,,300.0
3420,567036,355900,yes,connect,ended,86.0,,,600.0
3422,573533,356540,no,mobile,ended,0.0,,,180.0
3424,570928,340699,no,mobile,ended,51.0,,,0.0
3426,568419,382444,no,mobile,ended,28.0,,,330.0
3428,546634,393373,no,mobile,ended,-9.0,,,0.0
3430,557703,413558,no,mobile,ended,-54.0,,,0.0
3432,550592,178845,no,mobile,ended,0.0,,,300.0
3434,548540,299063,no,connect,ended,-147.0,549939.0,150.0,120.0
3436,557598,241021,no,connect,ended,120.0,,,150.0
3438,561643,348294,yes,connect,ended,16.0,,,0.0
3440,549715,310661,no,mobile,ended,87.0,560574.0,60.0,90.0
3442,563827,241021,no,connect,ended,-486.0,,,30.0
3444,561113,369648,yes,connect,ended,-2109.0,,,420.0
3446,565199,381857,yes,connect,ended,-66.0,,,90.0
3448,548208,388764,no,mobile,ended,20.0,,,270.0
3450,567507,369381,no,mobile,ended,-82.0,,,180.0
3452,567376,362199,yes,connect,ended,0.0,,,60.0
3454,569808,415034,no,mobile,ended,-92.0,,,510.0
3456,533526,354938,no,mobile,ended,-9.0,,,0.0
3458,532441,300377,no,mobile,ended,21.0,,,0.0
3460,533719,339015,no,mobile,ended,322.0,,,360.0
3462,539726,401911,no,mobile,ended,74.0,,,120.0
3464,506194,370420,no,mobile,ended,21.0,,,0.0
3466,571780,288973,no,mobile,ended,-125.0,,,720.0
3468,574297,373511,no,mobile,ended,3.0,,,30.0
3470,553994,384396,no,connect,ended,120.0,,,60.0
3472,544742,365926,yes,connect,ended,-36.0,551678.0,570.0,150.0
3474,557514,405433,no,mobile,ended,47.0,,,0.0
3476,559379,290600,yes,connect,ended,1.0,,,630.0
3478,554378,284054,no,mobile,ended,-315.0,,,120.0
3480,558491,407607,yes,connect,ended,25.0,,,720.0
3482,574013,401387,no,mobile,ended,-514.0,,,90.0
3484,521403,316678,no,connect,ended,-31.0,558030.0,60.0,60.0
3486,568296,415653,no,mobile,ended,0.0,,,360.0
3488,569793,358764,no,mobile,ended,50.0,,,30.0
3490,562010,380069,no,mobile,ended,-96.0,,,30.0
3492,562389,325328,no,connect,ended,16.0,561921.0,330.0,690.0
3494,575053,323777,no,mobile,ended,22.0,,,30.0
3496,562807,310571,no,mobile,ended,-14.0,,,300.0
3498,564975,410255,no,connect,ended,-19.0,,,0.0
3500,567711,394869,no,mobile,ended,148.0,,,360.0
3502,569375,374486,no,mobile,ended,60.0,,,570.0
3504,571965,376491,yes,connect,ended,17.0,,,510.0
3506,565171,410939,yes,connect,ended,-15.0,567442.0,240.0,0.0
3508,540924,374809,no,connect,ended,2.0,547311.0,240.0,120.0
3510,555533,405005,no,connect,ended,-625.0,,,450.0
3512,561921,325328,no,connect,ended,-9.0,,,330.0
3514,555368,339993,no,mobile,ended,138.0,,,720.0
3516,565095,374298,no,connect,ended,9.0,,,60.0
3518,564155,358023,no,mobile,ended,-19.0,,,0.0
3520,561829,386211,no,mobile,ended,-16.0,,,630.0
3522,566481,315136,no,connect,ended,-9.0,,,150.0
3524,572075,385303,yes,connect,ended,27.0,,,660.0
3526,536095,372115,no,mobile,ended,-161.0,,,720.0
3528,537775,288973,no,mobile,ended,0.0,,,570.0
3530,538564,393185,no,mobile,ended,-36.0,531229.0,0.0,150.0
3532,541742,397188,no,mobile,ended,134.0,,,720.0
3534,509727,388111,no,mobile,ended,25.0,,,30.0
3536,539684,383443,no,connect,ended,-166.0,,,0.0
3538,539009,392327,no,mobile,ended,274.0,521664.0,600.0,660.0
3540,541002,317303,no,mobile,ended,19.0,,,120.0
3542,550978,374360,yes,connect,ended,0.0,,,720.0
3544,546578,352528,no,connect,ended,-536.0,,,630.0
3546,548560,333731,no,mobile,ended,24.0,,,120.0
3548,547969,334190,yes,connect,ended,-52.0,,,270.0
3550,532915,390702,no,connect,ended,76.0,,,180.0
3552,560574,310661,no,mobile,ended,-2.0,,,60.0
3554,559958,374360,yes,connect,ended,-132.0,,,570.0
3556,545947,396470,no,mobile,ended,-44.0,,,30.0
3558,548424,410231,no,mobile,ended,-7.0,,,330.0
3560,567058,359045,no,connect,ended,88.0,,,60.0
3562,555522,349678,yes,connect,ended,-47.0,,,420.0
3564,536579,399431,no,mobile,ended,64.0,,,210.0
3566,551138,301799,no,connect,ended,550.0,,,540.0
3568,548971,399575,no,connect,ended,102.0,549086.0,180.0,690.0
3570,550135,360460,no,connect,ended,-208.0,,,60.0
3572,548851,390467,no,connect,ended,-16.0,,,60.0
3574,548172,361156,no,mobile,ended,-29.0,522848.0,300.0,0.0
3576,541329,370049,no,mobile,ended,-18.0,,,660.0
3578,553412,335276,yes,connect,ended,11.0,,,0.0
3580,552971,412021,no,mobile,ended,-38.0,,,600.0
3582,557210,406124,yes,connect,ended,-10.0,,,0.0
3584,548278,362187,no,connect,ended,-732.0,,,690.0
3586,552490,404460,no,mobile,ended,83.0,,,30.0
3588,551662,400417,no,mobile,ended,55.0,,,30.0
3590,553022,319886,yes,connect,ended,-60.0,,,30.0
3592,556011,245154,yes,connect,ended,99.0,,,60.0
3594,542660,249274,no,mobile,ended,38.0,,,180.0
3596,547786,370312,no,mobile,ended,107.0,,,660.0
3598,552342,376619,no,mobile,ended,-965.0,547312.0,0.0,450.0
3600,559032,340369,yes,connect,ended,-40.0,,,180.0
3602,558245,412025,no,mobile,ended,24.0,,,480.0
3604,544750,377781,no,mobile,ended,-50.0,,,0.0
3606,559026,223850,no,mobile,ended,145.0,,,180.0
3608,554958,312603,no,connect,ended,183.0,,,30.0
3610,563942,412139,no,mobile,ended,-12.0,555548.0,90.0,120.0
3612,550186,410402,no,mobile,ended,21.0,,,0.0
3614,548607,224455,no,mobile,ended,0.0,,,210.0
3616,555447,366025,no,mobile,ended,-1421.0,,,360.0
3618,558460,335341,no,mobile,ended,13.0,,,300.0
3620,555436,395204,no,connect,ended,-14.0,,,720.0
3622,556960,376652,no,mobile,ended,-13.0,,,420.0
3624,534678,383344,no,connect,ended,164.0,563620.0,240.0,60.0
3626,560542,413181,no,mobile,ended,4.0,,,150.0
3628,561577,412455,no,mobile,ended,-505.0,,,0.0
3630,561771,404789,no,mobile,ended,268.0,,,360.0
3632,555245,398733,no,mobile,ended,0.0,,,570.0
3634,565386,379751,yes,connect,ended,-103.0,,,0.0
3636,567436,358480,no,mobile,ended,-661.0,,,510.0
3638,565649,320432,no,mobile,ended,-282.0,,,60.0
3640,561444,367627,no,mobile,ended,35.0,,,540.0
3642,564855,381470,no,mobile,ended,-48.0,,,0.0
3644,564894,353535,no,mobile,ended,56.0,,,480.0
3646,564756,378689,no,mobile,ended,39.0,,,0.0
3648,569645,396034,no,connect,ended,-25.0,551522.0,330.0,510.0
3650,568465,390871,no,connect,ended,0.0,,,60.0
3652,552222,405564,no,mobile,ended,0.0,,,0.0
3654,546551,372011,no,mobile,ended,24.0,,,360.0
3656,541645,312716,no,mobile,ended,39.0,,,120.0
3658,567791,354026,no,mobile,ended,18.0,,,90.0
3660,560988,382821,yes,connect,ended,-53.0,,,720.0
3662,568778,344254,yes,connect,ended,0.0,566711.0,60.0,690.0
3664,558088,245154,yes,connect,ended,-40.0,566170.0,180.0,660.0
3666,569556,353425,yes,connect,ended,-177.0,,,240.0
3668,571227,298117,yes,connect,ended,-13.0,571310.0,600.0,210.0
3670,567708,294059,no,mobile,ended,283.0,,,120.0
3672,562174,381499,yes,connect,ended,73.0,,,0.0
3674,566136,396409,no,mobile,ended,16.0,,,570.0
3676,567121,297973,no,mobile,ended,-275.0,,,240.0
3678,545045,377312,no,mobile,ended,22.0,563963.0,630.0,90.0
3680,573429,380069,no,mobile,ended,0.0,562010.0,30.0,300.0
